-- phpMyAdmin SQL Dump
-- version 3.4.11.1deb1
-- http://www.phpmyadmin.net
--
-- Servidor: localhost
-- Tiempo de generación: 31-08-2013 a las 22:43:03
-- Versión del servidor: 5.5.32
-- Versión de PHP: 5.4.6-1ubuntu1.3

SET SQL_MODE="NO_AUTO_VALUE_ON_ZERO";
SET time_zone = "+00:00";


/*!40101 SET @OLD_CHARACTER_SET_CLIENT=@@CHARACTER_SET_CLIENT */;
/*!40101 SET @OLD_CHARACTER_SET_RESULTS=@@CHARACTER_SET_RESULTS */;
/*!40101 SET @OLD_COLLATION_CONNECTION=@@COLLATION_CONNECTION */;
/*!40101 SET NAMES utf8 */;

--
-- Base de datos: `sirene`
--

-- --------------------------------------------------------

--
-- Estructura de tabla para la tabla `tblacudientes`
--

CREATE TABLE IF NOT EXISTS `tblacudientes` (
  `secacudientes` int(11) NOT NULL AUTO_INCREMENT,
  `secestudiante` int(11) NOT NULL,
  PRIMARY KEY (`secacudientes`),
  KEY `fk_estudiante_acudiente` (`secestudiante`)
) ENGINE=InnoDB DEFAULT CHARSET=latin1 AUTO_INCREMENT=1 ;

-- --------------------------------------------------------

--
-- Estructura de tabla para la tabla `tblbarrio`
--

CREATE TABLE IF NOT EXISTS `tblbarrio` (
  `secbarrio` int(11) NOT NULL AUTO_INCREMENT,
  `descripcionbarrio` varchar(45) NOT NULL,
  `secciudad` int(11) NOT NULL,
  PRIMARY KEY (`secbarrio`),
  KEY `fk_municipio` (`secciudad`),
  KEY `fk_ciudadbarrio` (`secciudad`)
) ENGINE=InnoDB DEFAULT CHARSET=latin1 AUTO_INCREMENT=1 ;

-- --------------------------------------------------------

--
-- Estructura de tabla para la tabla `tblcargo`
--

CREATE TABLE IF NOT EXISTS `tblcargo` (
  `seccargo` int(11) NOT NULL AUTO_INCREMENT,
  `descripcion` varchar(45) NOT NULL,
  PRIMARY KEY (`seccargo`)
) ENGINE=InnoDB DEFAULT CHARSET=latin1 AUTO_INCREMENT=1 ;

-- --------------------------------------------------------

--
-- Estructura de tabla para la tabla `tblcargodocente`
--

CREATE TABLE IF NOT EXISTS `tblcargodocente` (
  `seccargodocente` int(11) NOT NULL AUTO_INCREMENT,
  `secpersona` int(11) NOT NULL,
  `seccargo` int(11) NOT NULL,
  PRIMARY KEY (`seccargodocente`),
  KEY `fk_cursodocente` (`seccargo`),
  KEY `fk_persona1` (`secpersona`)
) ENGINE=InnoDB DEFAULT CHARSET=latin1 AUTO_INCREMENT=1 ;

-- --------------------------------------------------------

--
-- Estructura de tabla para la tabla `tblcarrera`
--

CREATE TABLE IF NOT EXISTS `tblcarrera` (
  `seccarrera` int(11) NOT NULL AUTO_INCREMENT,
  `descripcion` varchar(45) NOT NULL,
  `sectipoestudio` int(11) NOT NULL,
  `secuniversidad` int(11) NOT NULL,
  PRIMARY KEY (`seccarrera`),
  KEY `fk_tipoestudio` (`sectipoestudio`),
  KEY `fk_universidadcarrerar` (`secuniversidad`)
) ENGINE=InnoDB DEFAULT CHARSET=latin1 AUTO_INCREMENT=1 ;

-- --------------------------------------------------------

--
-- Estructura de tabla para la tabla `tblciudad`
--

CREATE TABLE IF NOT EXISTS `tblciudad` (
  `idCiudad` int(11) NOT NULL AUTO_INCREMENT,
  `nombre_ciudad` varchar(45) NOT NULL,
  `secdepartamento` int(11) NOT NULL,
  `latitud` double DEFAULT NULL,
  `longitud` double DEFAULT NULL,
  `secbarrio` int(11) NOT NULL,
  PRIMARY KEY (`idCiudad`),
  KEY `fk_departamento_idx` (`secdepartamento`)
) ENGINE=InnoDB  DEFAULT CHARSET=latin5 AUTO_INCREMENT=99774 ;

--
-- Volcado de datos para la tabla `tblciudad`
--

INSERT INTO `tblciudad` (`idCiudad`, `nombre_ciudad`, `secdepartamento`, `latitud`, `longitud`, `secbarrio`) VALUES
(5001, 'MEDELLÍN', 5, 6.2518, -75.5636, 0),
(5002, 'ABEJORRAL', 5, 5.7893, -75.4273, 0),
(5004, 'ABRIAQUÍ', 5, NULL, NULL, 0),
(5021, 'ALEJANDRÍA', 5, 6.3774, -75.1406, 0),
(5030, 'AMAGÁ', 5, 6.04, -75.7032, 0),
(5031, 'AMALFI', 5, 6.9102, -75.0776, 0),
(5034, 'ANDES', 5, 5.6561, -75.8788, 0),
(5036, 'ANGELÓPOLIS', 5, NULL, NULL, 0),
(5038, 'ANGOSTURA', 5, 6.8886, -75.3383, 0),
(5040, 'ANORÍ', 5, 7.0764, -75.1506, 0),
(5042, 'SANTAFÉ DE ANTIOQUIA', 5, NULL, NULL, 0),
(5044, 'ANZA', 5, NULL, NULL, 0),
(5045, 'APARTADÓ', 5, 7.8667, -76.6667, 0),
(5051, 'ARBOLETES', 5, 8.8656, -76.4336, 0),
(5055, 'ARGELIA', 5, 4.4656, -74.4328, 0),
(5059, 'ARMENIA', 5, 4.5339, -75.6811, 0),
(5079, 'BARBOSA', 5, 5.9317, -73.6151, 0),
(5086, 'BELMIRA', 5, 6.6051, -75.6662, 0),
(5088, 'BELLO', 5, 6.3373, -75.558, 0),
(5091, 'BETANIA', 5, 5.6078, -75.7125, 0),
(5093, 'BETULIA', 5, 6.1128, -75.9838, 0),
(5101, 'CIUDAD BOLÍVAR', 5, 5.8539, -76.0253, 0),
(5107, 'BRICEÑO', 5, 7.111, -75.5515, 0),
(5113, 'BURITICÁ', 5, NULL, NULL, 0),
(5120, 'CÁCERES', 5, 7.5808, -75.3484, 0),
(5125, 'CAICEDO', 5, 6.4094, -75.9858, 0),
(5129, 'CALDAS', 5, 6.0911, -75.6357, 0),
(5134, 'CAMPAMENTO', 5, 6.9819, -75.2997, 0),
(5138, 'CAÑASGORDAS', 5, NULL, NULL, 0),
(5142, 'CARACOLÍ', 5, 6.4119, -74.7606, 0),
(5145, 'CARAMANTA', 5, 5.5414, -75.6472, 0),
(5147, 'CAREPA', 5, 7.7585, -76.6525, 0),
(5148, 'EL CARMEN DE VIBORAL', 5, NULL, NULL, 0),
(5150, 'CAROLINA', 5, NULL, NULL, 0),
(5154, 'CAUCASIA', 5, 7.9865, -75.1935, 0),
(5172, 'CHIGORODÓ', 5, 7.6664, -76.6811, 0),
(5190, 'CISNEROS', 5, 6.5383, -75.0886, 0),
(5197, 'COCORNÁ', 5, 6.0608, -75.1892, 0),
(5206, 'CONCEPCIÓN', 5, 6.3972, -75.2578, 0),
(5209, 'CONCORDIA', 5, 6.0494, -75.9094, 0),
(5212, 'COPACABANA', 5, 6.3463, -75.5089, 0),
(5234, 'DABEIBA', 5, 7.0017, -76.2672, 0),
(5237, 'DON MATÍAS', 5, 6.4897, -75.4294, 0),
(5240, 'EBÉJICO', 5, 6.326, -75.7683, 0),
(5250, 'EL BAGRE', 5, 7.5927, -74.8086, 0),
(5264, 'ENTRERRIOS', 5, NULL, NULL, 0),
(5266, 'ENVIGADO', 5, 6.1706, -75.5853, 0),
(5282, 'FREDONIA', 5, 5.9258, -75.6706, 0),
(5284, 'FRONTINO', 5, 6.7778, -76.1286, 0),
(5306, 'GIRALDO', 5, NULL, NULL, 0),
(5308, 'GIRARDOTA', 5, NULL, NULL, 0),
(5310, 'GÓMEZ PLATA', 5, 6.6818, -75.2191, 0),
(5313, 'GRANADA', 5, 3.5386, -73.7006, 0),
(5315, 'GUADALUPE', 5, 2.025, -75.7572, 0),
(5318, 'GUARNE', 5, 6.2805, -75.4435, 0),
(5321, 'GUATAPE', 5, NULL, NULL, 0),
(5347, 'HELICONIA', 5, NULL, NULL, 0),
(5353, 'HISPANIA', 5, 5.8025, -75.9117, 0),
(5360, 'ITAGUI', 5, NULL, NULL, 0),
(5361, 'ITUANGO', 5, 7.1728, -75.7533, 0),
(5364, 'JARDÍN', 5, 5.599, -75.8198, 0),
(5368, 'JERICÓ', 5, 5.7942, -75.7897, 0),
(5376, 'LA CEJA', 5, 6.0308, -75.4315, 0),
(5380, 'LA ESTRELLA', 5, 6.1577, -75.6432, 0),
(5390, 'LA PINTADA', 5, 5.75, -75.6, 0),
(5400, 'LA UNIÓN', 5, 4.5328, -76.1032, 0),
(5411, 'LIBORINA', 5, 6.6844, -75.8161, 0),
(5425, 'MACEO', 5, NULL, NULL, 0),
(5440, 'MARINILLA', 5, 6.1736, -75.3362, 0),
(5467, 'MONTEBELLO', 5, 5.945, -75.52, 0),
(5475, 'MURINDÓ', 5, NULL, NULL, 0),
(5480, 'MUTATÁ', 5, 7.2475, -76.4392, 0),
(5483, 'NARIÑO', 5, 4.4006, -74.8358, 0),
(5490, 'NECOCLÍ', 5, 8.4239, -76.7911, 0),
(5495, 'NECHÍ', 5, NULL, NULL, 0),
(5501, 'OLAYA', 5, NULL, NULL, 0),
(5541, 'PEÑOL', 5, 6.2244, -75.2236, 0),
(5543, 'PEQUE', 5, NULL, NULL, 0),
(5576, 'PUEBLORRICO', 5, 5.7936, -75.8447, 0),
(5579, 'PUERTO BERRÍO', 5, 6.4944, -74.4067, 0),
(5585, 'PUERTO NARE', 5, NULL, NULL, 0),
(5591, 'PUERTO TRIUNFO', 5, NULL, NULL, 0),
(5604, 'REMEDIOS', 5, 7.0308, -74.5333, 0),
(5607, 'RETIRO', 5, 6.0586, -75.5031, 0),
(5615, 'RIONEGRO', 5, 6.1551, -75.3737, 0),
(5628, 'SABANALARGA', 5, 10.6296, -74.9206, 0),
(5631, 'SABANETA', 5, 6.15, -75.6, 0),
(5642, 'SALGAR', 5, 5.9633, -75.9808, 0),
(5647, 'SAN ANDRÉS DE CUERQUÍA', 5, NULL, NULL, 0),
(5649, 'SAN CARLOS', 5, 6.1879, -74.9931, 0),
(5652, 'SAN FRANCISCO', 5, 1.1787, -76.8785, 0),
(5656, 'SAN JERÓNIMO', 5, 6.4469, -75.7328, 0),
(5658, 'SAN JOSÉ DE LA MONTAÑA', 5, 6.8503, -75.6833, 0),
(5659, 'SAN JUAN DE URABÁ', 5, 8.7631, -76.53, 0),
(5660, 'SAN LUIS', 5, 6.0417, -74.9928, 0),
(5664, 'SAN PEDRO', 5, 3.9922, -76.2393, 0),
(5665, 'SAN PEDRO DE URABA', 5, NULL, NULL, 0),
(5667, 'SAN RAFAEL', 5, 6.2944, -75.0259, 0),
(5670, 'SAN ROQUE', 5, 6.4851, -75.0196, 0),
(5674, 'SAN VICENTE', 5, 6.2328, -75.3361, 0),
(5679, 'SANTA BÁRBARA', 5, 5.8746, -75.5671, 0),
(5686, 'SANTA ROSA DE OSOS', 5, 6.6474, -75.4603, 0),
(5690, 'SANTO DOMINGO', 5, 6.4697, -75.1672, 0),
(5697, 'EL SANTUARIO', 5, 4.6705, -73.6552, 0),
(5736, 'SEGOVIA', 5, 7.0799, -74.6989, 0),
(5756, 'SONSON', 5, NULL, NULL, 0),
(5761, 'SOPETRÁN', 5, 6.6703, -75.7475, 0),
(5789, 'TÁMESIS', 5, 5.6646, -75.7134, 0),
(5790, 'TARAZÁ', 5, 7.5881, -75.4028, 0),
(5792, 'TARSO', 5, NULL, NULL, 0),
(5809, 'TITIRIBÍ', 5, 6.0628, -75.7937, 0),
(5819, 'TOLEDO', 5, 7.3131, -72.4875, 0),
(5837, 'TURBO', 5, 8.0937, -76.7269, 0),
(5842, 'URAMITA', 5, NULL, NULL, 0),
(5847, 'URRAO', 5, 6.3197, -76.1383, 0),
(5854, 'VALDIVIA', 5, NULL, NULL, 0),
(5856, 'VALPARAÍSO', 5, 1.1992, -75.7097, 0),
(5858, 'VEGACHÍ', 5, NULL, NULL, 0),
(5861, 'VENECIA', 5, NULL, NULL, 0),
(5873, 'VIGÍA DEL FUERTE', 5, NULL, NULL, 0),
(5885, 'YALÍ', 5, NULL, NULL, 0),
(5887, 'YARUMAL', 5, 6.8903, -75.6708, 0),
(5890, 'YOLOMBÓ', 5, 6.5984, -75.0114, 0),
(5893, 'YONDÓ', 5, 7.0062, -73.9097, 0),
(5895, 'ZARAGOZA', 5, 7.4897, -74.8692, 0),
(8001, 'BARRANQUILLA', 8, 4.9667, -74.5167, 0),
(8078, 'BARANOA', 8, 10.7941, -74.9164, 0),
(8137, 'CAMPO DE LA CRUZ', 8, 10.3847, -74.8897, 0),
(8141, 'CANDELARIA', 8, 3.4067, -76.3482, 0),
(8296, 'GALAPA', 8, 10.8969, -74.886, 0),
(8372, 'JUAN DE ACOSTA', 8, 10.8317, -75.0369, 0),
(8421, 'LURUACO', 8, 10.6142, -75.1461, 0),
(8433, 'MALAMBO', 8, 10.8595, -74.7739, 0),
(8436, 'MANATÍ', 8, NULL, NULL, 0),
(8520, 'PALMAR DE VARELA', 8, 10.7405, -74.7544, 0),
(8549, 'PIOJÓ', 8, 10.7506, -75.1119, 0),
(8558, 'POLONUEVO', 8, 10.7808, -74.8597, 0),
(8560, 'PONEDERA', 8, 10.641, -74.7503, 0),
(8573, 'PUERTO COLOMBIA', 8, 10.9878, -74.9547, 0),
(8606, 'REPELÓN', 8, NULL, NULL, 0),
(8634, 'SABANAGRANDE', 8, 10.7197, -74.6828, 0),
(8638, 'SABANALARGA', 8, 10.6296, -74.9206, 0),
(8675, 'SANTA LUCÍA', 8, 10.3242, -74.9602, 0),
(8685, 'SANTO TOMÁS', 8, 10.7577, -74.7545, 0),
(8758, 'SOLEDAD', 8, 10.9184, -74.7646, 0),
(8770, 'SUAN', 8, NULL, NULL, 0),
(8832, 'TUBARÁ', 8, 10.8744, -74.9789, 0),
(8849, 'USIACURÍ', 8, NULL, NULL, 0),
(11001, 'BOGOTÁ', 11, 4.6492, -74.0628, 0),
(13001, 'CARTAGENA', 13, 10.3997, -75.5144, 0),
(13006, 'ACHÍ', 13, NULL, NULL, 0),
(13030, 'ALTOS DEL ROSARIO', 13, NULL, NULL, 0),
(13042, 'ARENAL', 13, NULL, NULL, 0),
(13052, 'ARJONA', 13, 10.2544, -75.3439, 0),
(13062, 'ARROYOHONDO', 13, NULL, NULL, 0),
(13074, 'BARRANCO DE LOBA', 13, NULL, NULL, 0),
(13140, 'CALAMAR', 13, 10.25, -74.9, 0),
(13160, 'CANTAGALLO', 13, NULL, NULL, 0),
(13188, 'CICUCO', 13, NULL, NULL, 0),
(13212, 'CÓRDOBA', 13, 9.5872, -74.8294, 0),
(13222, 'CLEMENCIA', 13, NULL, NULL, 0),
(13244, 'EL CARMEN DE BOLÍVAR', 13, 9.7174, -75.1202, 0),
(13248, 'EL GUAMO', 13, NULL, NULL, 0),
(13268, 'EL PEÑÓN', 13, NULL, NULL, 0),
(13300, 'HATILLO DE LOBA', 13, NULL, NULL, 0),
(13430, 'MAGANGUÉ', 13, 9.242, -74.7547, 0),
(13433, 'MAHATES', 13, NULL, NULL, 0),
(13440, 'MARGARITA', 13, NULL, NULL, 0),
(13442, 'MARÍA LA BAJA', 13, 9.9847, -75.3047, 0),
(13458, 'MONTECRISTO', 13, NULL, NULL, 0),
(13468, 'MOMPÓS', 13, NULL, NULL, 0),
(13473, 'MORALES', 13, 2.7603, -76.6339, 0),
(13549, 'PINILLOS', 13, NULL, NULL, 0),
(13580, 'REGIDOR', 13, NULL, NULL, 0),
(13600, 'RÍO VIEJO', 13, NULL, NULL, 0),
(13620, 'SAN CRISTÓBAL', 13, NULL, NULL, 0),
(13647, 'SAN ESTANISLAO', 13, NULL, NULL, 0),
(13650, 'SAN FERNANDO', 13, NULL, NULL, 0),
(13654, 'SAN JACINTO', 13, 9.8317, -75.1264, 0),
(13655, 'SAN JACINTO DEL CAUCA', 13, NULL, NULL, 0),
(13657, 'SAN JUAN NEPOMUCENO', 13, 9.9516, -75.082, 0),
(13667, 'SAN MARTÍN DE LOBA', 13, NULL, NULL, 0),
(13670, 'SAN PABLO', 13, 4.7211, -73.7797, 0),
(13673, 'SANTA CATALINA', 13, 10.6067, -75.295, 0),
(13683, 'SANTA ROSA', 13, 10.45, -75.3667, 0),
(13688, 'SANTA ROSA DEL SUR', 13, 7.9644, -74.0544, 0),
(13744, 'SIMITÍ', 13, NULL, NULL, 0),
(13760, 'SOPLAVIENTO', 13, 10.3931, -75.1408, 0),
(13780, 'TALAIGUA NUEVO', 13, NULL, NULL, 0),
(13810, 'TIQUISIO', 13, NULL, NULL, 0),
(13836, 'TURBACO', 13, 10.3294, -75.4114, 0),
(13838, 'TURBANÁ', 13, NULL, NULL, 0),
(13873, 'VILLANUEVA', 13, 10.6053, -72.98, 0),
(13894, 'ZAMBRANO', 13, 9.7472, -74.8153, 0),
(15001, 'TUNJA', 15, 5.5353, -73.3678, 0),
(15022, 'ALMEIDA', 15, 4.9708, -73.3797, 0),
(15047, 'AQUITANIA', 15, 5.5197, -72.8875, 0),
(15051, 'ARCABUCO', 15, 5.75, -73.4333, 0),
(15087, 'BELÉN', 15, 4.6776, -74.1486, 0),
(15090, 'BERBEO', 15, NULL, NULL, 0),
(15092, 'BETÉITIVA', 15, NULL, NULL, 0),
(15097, 'BOAVITA', 15, NULL, NULL, 0),
(15104, 'BOYACÁ', 15, 5.4537, -73.3625, 0),
(15106, 'BRICEÑO', 15, 7.111, -75.5515, 0),
(15109, 'BUENAVISTA', 15, 4.3622, -75.7394, 0),
(15114, 'BUSBANZÁ', 15, NULL, NULL, 0),
(15131, 'CALDAS', 15, 6.0911, -75.6357, 0),
(15135, 'CAMPOHERMOSO', 15, NULL, NULL, 0),
(15162, 'CERINZA', 15, NULL, NULL, 0),
(15172, 'CHINAVITA', 15, 5.17, -73.3722, 0),
(15176, 'CHIQUINQUIRÁ', 15, 5.6189, -73.82, 0),
(15180, 'CHISCAS', 15, NULL, NULL, 0),
(15183, 'CHITA', 15, 6.1894, -72.4767, 0),
(15185, 'CHITARAQUE', 15, NULL, NULL, 0),
(15187, 'CHIVATÁ', 15, NULL, NULL, 0),
(15189, 'CIÉNEGA', 15, 5.4, -73.3, 0),
(15204, 'CÓMBITA', 15, NULL, NULL, 0),
(15212, 'COPER', 15, 5.4778, -74.0486, 0),
(15215, 'CORRALES', 15, NULL, NULL, 0),
(15218, 'COVARACHÍA', 15, NULL, NULL, 0),
(15223, 'CUBARÁ', 15, NULL, NULL, 0),
(15224, 'CUCAITA', 15, 5.5333, -73.4667, 0),
(15226, 'CUÍTIVA', 15, NULL, NULL, 0),
(15232, 'CHÍQUIZA', 15, NULL, NULL, 0),
(15236, 'CHIVOR', 15, NULL, NULL, 0),
(15238, 'DUITAMA', 15, 5.8245, -73.0341, 0),
(15244, 'EL COCUY', 15, NULL, NULL, 0),
(15248, 'EL ESPINO', 15, NULL, NULL, 0),
(15272, 'FIRAVITOBA', 15, 5.6528, -72.9964, 0),
(15276, 'FLORESTA', 15, NULL, NULL, 0),
(15293, 'GACHANTIVÁ', 15, NULL, NULL, 0),
(15296, 'GAMEZA', 15, NULL, NULL, 0),
(15299, 'GARAGOA', 15, 5.0833, -73.3661, 0),
(15317, 'GUACAMAYAS', 15, NULL, NULL, 0),
(15322, 'GUATEQUE', 15, 5.01, -73.5217, 0),
(15325, 'GUAYATÁ', 15, NULL, NULL, 0),
(15332, 'GÜICÁN', 15, NULL, NULL, 0),
(15362, 'IZA', 15, NULL, NULL, 0),
(15367, 'JENESANO', 15, 5.3889, -73.3681, 0),
(15368, 'JERICÓ', 15, 5.7942, -75.7897, 0),
(15377, 'LABRANZAGRANDE', 15, 5.5658, -72.5592, 0),
(15380, 'LA CAPILLA', 15, NULL, NULL, 0),
(15401, 'LA VICTORIA', 15, 4.5227, -76.0374, 0),
(15403, 'LA UVITA', 15, NULL, NULL, 0),
(15407, 'VILLA DE LEYVA', 15, NULL, NULL, 0),
(15425, 'MACANAL', 15, 4.9753, -73.3214, 0),
(15442, 'MARIPÍ', 15, NULL, NULL, 0),
(15455, 'MIRAFLORES', 15, 1.3367, -71.9511, 0),
(15464, 'MONGUA', 15, NULL, NULL, 0),
(15466, 'MONGUÍ', 15, NULL, NULL, 0),
(15469, 'MONIQUIRÁ', 15, 5.8806, -73.5747, 0),
(15476, 'MOTAVITA', 15, NULL, NULL, 0),
(15480, 'MUZO', 15, NULL, NULL, 0),
(15491, 'NOBSA', 15, 5.7698, -72.941, 0),
(15494, 'NUEVO COLÓN', 15, NULL, NULL, 0),
(15500, 'OICATÁ', 15, 5.5955, -73.3082, 0),
(15507, 'OTANCHE', 15, 5.6592, -74.1811, 0),
(15511, 'PACHAVITA', 15, 5.1333, -73.4, 0),
(15514, 'PÁEZ', 15, 2.6547, -75.9928, 0),
(15516, 'PAIPA', 15, 5.7801, -73.1171, 0),
(15518, 'PAJARITO', 15, 5.2942, -72.7061, 0),
(15522, 'PANQUEBA', 15, NULL, NULL, 0),
(15531, 'PAUNA', 15, NULL, NULL, 0),
(15533, 'PAYA', 15, NULL, NULL, 0),
(15537, 'PAZ DE RÍO', 15, 5.9881, -72.7522, 0),
(15542, 'PESCA', 15, 5.55, -73.05, 0),
(15550, 'PISBA', 15, NULL, NULL, 0),
(15572, 'PUERTO BOYACÁ', 15, 5.9758, -74.5885, 0),
(15580, 'QUÍPAMA', 15, NULL, NULL, 0),
(15599, 'RAMIRIQUÍ', 15, 5.4036, -73.3386, 0),
(15600, 'RÁQUIRA', 15, 5.5411, -73.6358, 0),
(15621, 'RONDÓN', 15, NULL, NULL, 0),
(15632, 'SABOYÁ', 15, NULL, NULL, 0),
(15638, 'SÁCHICA', 15, NULL, NULL, 0),
(15646, 'SAMACÁ', 15, 5.4927, -73.4854, 0),
(15660, 'SAN EDUARDO', 15, NULL, NULL, 0),
(15664, 'SAN JOSÉ DE PARE', 15, NULL, NULL, 0),
(15667, 'SAN LUIS DE GACENO', 15, 4.8214, -73.1675, 0),
(15673, 'SAN MATEO', 15, NULL, NULL, 0),
(15676, 'SAN MIGUEL DE SEMA', 15, 5.5167, -73.7333, 0),
(15681, 'SAN PABLO DE BORBUR', 15, 5.6533, -74.0728, 0),
(15686, 'SANTANA', 15, NULL, NULL, 0),
(15690, 'SANTA MARÍA', 15, 4.3392, -74.4189, 0),
(15693, 'SANTA ROSA DE VITERBO', 15, NULL, NULL, 0),
(15696, 'SANTA SOFÍA', 15, NULL, NULL, 0),
(15720, 'SATIVANORTE', 15, NULL, NULL, 0),
(15723, 'SATIVASUR', 15, NULL, NULL, 0),
(15740, 'SIACHOQUE', 15, NULL, NULL, 0),
(15753, 'SOATÁ', 15, 6.3333, -72.7, 0),
(15755, 'SOCOTÁ', 15, NULL, NULL, 0),
(15757, 'SOCHA', 15, 5.9833, -72.7167, 0),
(15759, 'SOGAMOSO', 15, 5.7143, -72.9339, 0),
(15761, 'SOMONDOCO', 15, 4.9854, -73.4327, 0),
(15762, 'SORA', 15, NULL, NULL, 0),
(15763, 'SOTAQUIRÁ', 15, NULL, NULL, 0),
(15764, 'SORACÁ', 15, NULL, NULL, 0),
(15774, 'SUSACÓN', 15, NULL, NULL, 0),
(15776, 'SUTAMARCHÁN', 15, 5.6, -73.6333, 0),
(15778, 'SUTATENZA', 15, NULL, NULL, 0),
(15790, 'TASCO', 15, NULL, NULL, 0),
(15798, 'TENZA', 15, 5.0833, -73.4167, 0),
(15804, 'TIBANÁ', 15, NULL, NULL, 0),
(15806, 'TIBASOSA', 15, 5.7333, -73, 0),
(15808, 'TINJACÁ', 15, 5.5667, -73.65, 0),
(15810, 'TIPACOQUE', 15, NULL, NULL, 0),
(15814, 'TOCA', 15, 5.5667, -73.2, 0),
(15816, 'TOGÜÍ', 15, NULL, NULL, 0),
(15820, 'TÓPAGA', 15, 5.7598, -72.8258, 0),
(15822, 'TOTA', 15, NULL, NULL, 0),
(15832, 'TUNUNGUÁ', 15, NULL, NULL, 0),
(15835, 'TURMEQUÉ', 15, 5.3167, -73.5, 0),
(15837, 'TUTA', 15, 5.6933, -73.2308, 0),
(15839, 'TUTAZÁ', 15, NULL, NULL, 0),
(15842, 'UMBITA', 15, 5.2333, -73.45, 0),
(15861, 'VENTAQUEMADA', 15, NULL, NULL, 0),
(15879, 'VIRACACHÁ', 15, NULL, NULL, 0),
(15897, 'ZETAQUIRA', 15, 5.2856, -73.1733, 0),
(17001, 'MANIZALES', 17, 5.0689, -75.5174, 0),
(17013, 'AGUADAS', 17, 5.6147, -75.4597, 0),
(17042, 'ANSERMA', 17, 5.3328, -75.7911, 0),
(17050, 'ARANZAZU', 17, NULL, NULL, 0),
(17088, 'BELALCÁZAR', 17, 4.9953, -75.8128, 0),
(17174, 'CHINCHINÁ', 17, 4.9825, -75.6036, 0),
(17272, 'FILADELFIA', 17, 5.3078, -75.5636, 0),
(17380, 'LA DORADA', 17, 5.4522, -74.6692, 0),
(17388, 'LA MERCED', 17, 5.0867, -75.8925, 0),
(17433, 'MANZANARES', 17, 5.3247, -75.1569, 0),
(17442, 'MARMATO', 17, 5.4789, -75.5975, 0),
(17444, 'MARQUETALIA', 17, 5.2966, -75.055, 0),
(17446, 'MARULANDA', 17, NULL, NULL, 0),
(17486, 'NEIRA', 17, 5.15, -75.5333, 0),
(17495, 'NORCASIA', 17, NULL, NULL, 0),
(17513, 'PÁCORA', 17, 5.5271, -75.4593, 0),
(17524, 'PALESTINA', 17, 5.0194, -75.6224, 0),
(17541, 'PENSILVANIA', 17, 5.3835, -75.1612, 0),
(17614, 'RIOSUCIO', 17, 5.4216, -75.7032, 0),
(17616, 'RISARALDA', 17, 5.1665, -75.766, 0),
(17653, 'SALAMINA', 17, 5.4073, -75.4875, 0),
(17662, 'SAMANÁ', 17, NULL, NULL, 0),
(17665, 'SAN JOSÉ', 17, 5.0017, -75.7522, 0),
(17777, 'SUPÍA', 17, 5.4603, -75.6531, 0),
(17867, 'VICTORIA', 17, 5.32, -74.9153, 0),
(17873, 'VILLAMARÍA', 17, 5.0449, -75.5146, 0),
(17877, 'VITERBO', 17, 5.0624, -75.8716, 0),
(18001, 'FLORENCIA', 18, 1.6144, -75.6062, 0),
(18029, 'ALBANIA', 18, 11.161, -72.5924, 0),
(18094, 'BELÉN DE LOS ANDAQUIES', 18, NULL, NULL, 0),
(18150, 'CARTAGENA DEL CHAIRÁ', 18, NULL, NULL, 0),
(18205, 'CURILLO', 18, 1.0353, -75.9247, 0),
(18247, 'EL DONCELLO', 18, 1.6794, -75.2792, 0),
(18256, 'EL PAUJIL', 18, 1.5644, -75.3319, 0),
(18410, 'LA MONTAÑITA', 18, NULL, NULL, 0),
(18460, 'MILÁN', 18, NULL, NULL, 0),
(18479, 'MORELIA', 18, NULL, NULL, 0),
(18592, 'PUERTO RICO', 18, 1.9057, -75.1541, 0),
(18610, 'SAN JOSÉ DEL FRAGUA', 18, 1.3611, -75.9883, 0),
(18753, 'SAN VICENTE DEL CAGUÁN', 18, NULL, NULL, 0),
(18756, 'SOLANO', 18, NULL, NULL, 0),
(18785, 'SOLITA', 18, NULL, NULL, 0),
(18860, 'VALPARAÍSO', 18, 1.1992, -75.7097, 0),
(19001, 'POPAYÁN', 19, 2.44417, -76.62139, 0),
(19022, 'ALMAGUER', 19, NULL, NULL, 0),
(19050, 'ARGELIA', 19, 4.4656, -74.4328, 0),
(19075, 'BALBOA', 19, NULL, NULL, 0),
(19100, 'BOLÍVAR', 19, 4.3406, -76.1881, 0),
(19110, 'BUENOS AIRES', 19, 3.015, -76.6427, 0),
(19130, 'CAJIBÍO', 19, NULL, NULL, 0),
(19137, 'CALDONO', 19, 2.7997, -76.5403, 0),
(19142, 'CALOTO', 19, 3.0359, -76.4079, 0),
(19212, 'CORINTO', 19, 3.1741, -76.2599, 0),
(19256, 'EL TAMBO', 19, 1.4181, -77.3968, 0),
(19290, 'FLORENCIA', 19, 1.6144, -75.6062, 0),
(19318, 'GUAPI', 19, 2.5708, -77.8854, 0),
(19355, 'INZÁ', 19, 2.5567, -76.0667, 0),
(19364, 'JAMBALÓ', 19, NULL, NULL, 0),
(19392, 'LA SIERRA', 19, NULL, NULL, 0),
(19397, 'LA VEGA', 19, 4.9667, -74.6167, 0),
(19418, 'LÓPEZ', 19, NULL, NULL, 0),
(19450, 'MERCADERES', 19, NULL, NULL, 0),
(19455, 'MIRANDA', 19, 3.2499, -76.2281, 0),
(19473, 'MORALES', 19, 2.7603, -76.6339, 0),
(19513, 'PADILLA', 19, 3.2258, -76.3164, 0),
(19517, 'PAEZ', 19, NULL, NULL, 0),
(19532, 'PATÍA', 19, NULL, NULL, 0),
(19533, 'PIAMONTE', 19, NULL, NULL, 0),
(19548, 'PIENDAMÓ', 19, 2.6431, -76.9892, 0),
(19573, 'PUERTO TEJADA', 19, 3.2311, -76.4167, 0),
(19585, 'PURACÉ', 19, NULL, NULL, 0),
(19622, 'ROSAS', 19, NULL, NULL, 0),
(19693, 'SAN SEBASTIÁN', 19, NULL, NULL, 0),
(19698, 'SANTANDER DE QUILICHAO', 19, 3.0095, -76.4849, 0),
(19701, 'SANTA ROSA', 19, 10.45, -75.3667, 0),
(19743, 'SILVIA', 19, 2.6136, -76.3822, 0),
(19760, 'SOTARA', 19, NULL, NULL, 0),
(19780, 'SUÁREZ', 19, NULL, NULL, 0),
(19785, 'SUCRE', 19, 8.8114, -74.7208, 0),
(19807, 'TIMBÍO', 19, 2.3561, -75.6878, 0),
(19809, 'TIMBIQUÍ', 19, NULL, NULL, 0),
(19821, 'TORIBIO', 19, NULL, NULL, 0),
(19824, 'TOTORÓ', 19, NULL, NULL, 0),
(19845, 'VILLA RICA', 19, NULL, NULL, 0),
(20001, 'VALLEDUPAR', 20, 10.4631, -73.2532, 0),
(20011, 'AGUACHICA', 20, 8.3125, -73.6269, 0),
(20013, 'AGUSTÍN CODAZZI', 20, 10.0341, -73.2361, 0),
(20032, 'ASTREA', 20, 9.5011, -73.9803, 0),
(20045, 'BECERRIL', 20, NULL, NULL, 0),
(20060, 'BOSCONIA', 20, 9.9689, -73.8836, 0),
(20175, 'CHIMICHAGUA', 20, NULL, NULL, 0),
(20178, 'CHIRIGUANÁ', 20, 9.3669, -73.6069, 0),
(20228, 'CURUMANÍ', 20, 9.2042, -73.5486, 0),
(20238, 'EL COPEY', 20, NULL, NULL, 0),
(20250, 'EL PASO', 20, 9.6622, -73.7519, 0),
(20295, 'GAMARRA', 20, 8.3292, -73.7444, 0),
(20310, 'GONZÁLEZ', 20, NULL, NULL, 0),
(20383, 'LA GLORIA', 20, NULL, NULL, 0),
(20400, 'LA JAGUA DE IBIRICO', 20, 9.5623, -73.3341, 0),
(20443, 'MANAURE', 20, NULL, NULL, 0),
(20517, 'PAILITAS', 20, NULL, NULL, 0),
(20550, 'PELAYA', 20, NULL, NULL, 0),
(20570, 'PUEBLO BELLO', 20, NULL, NULL, 0),
(20614, 'RÍO DE ORO', 20, NULL, NULL, 0),
(20621, 'LA PAZ', 20, NULL, NULL, 0),
(20710, 'SAN ALBERTO', 20, 7.7525, -73.3892, 0),
(20750, 'SAN DIEGO', 20, NULL, NULL, 0),
(20770, 'SAN MARTÍN', 20, 8.0015, -73.5113, 0),
(20787, 'TAMALAMEQUE', 20, NULL, NULL, 0),
(23001, 'MONTERÍA', 23, 8.748, -75.8814, 0),
(23068, 'AYAPEL', 23, NULL, NULL, 0),
(23079, 'BUENAVISTA', 23, 4.3622, -75.7394, 0),
(23090, 'CANALETE', 23, 8.6761, -76.2042, 0),
(23162, 'CERETÉ', 23, 8.8848, -75.7905, 0),
(23168, 'CHIMÁ', 23, 9.1519, -75.6333, 0),
(23182, 'CHINÚ', 23, 9.1057, -75.3981, 0),
(23189, 'CIÉNAGA DE ORO', 23, 8.8744, -75.6203, 0),
(23300, 'COTORRA', 23, 9.05, -75.8, 0),
(23350, 'LA APARTADA', 23, NULL, NULL, 0),
(23417, 'LORICA', 23, 9.2365, -75.8135, 0),
(23419, 'LOS CÓRDOBAS', 23, NULL, NULL, 0),
(23464, 'MOMIL', 23, 9.2372, -75.6781, 0),
(23466, 'MONTELÍBANO', 23, 9.5772, -74.0956, 0),
(23500, 'MOÑITOS', 23, 8.25, -76.05, 0),
(23555, 'PLANETA RICA', 23, 8.4147, -75.5883, 0),
(23570, 'PUEBLO NUEVO', 23, NULL, NULL, 0),
(23574, 'PUERTO ESCONDIDO', 23, NULL, NULL, 0),
(23580, 'PUERTO LIBERTADOR', 23, NULL, NULL, 0),
(23586, 'PURÍSIMA', 23, 9.2381, -75.7258, 0),
(23660, 'SAHAGÚN', 23, 8.9462, -75.4427, 0),
(23670, 'SAN ANDRÉS SOTAVENTO', 23, NULL, NULL, 0),
(23672, 'SAN ANTERO', 23, 9.3741, -75.7589, 0),
(23675, 'SAN BERNARDO DEL VIENTO', 23, NULL, NULL, 0),
(23678, 'SAN CARLOS', 23, 6.1879, -74.9931, 0),
(23686, 'SAN PELAYO', 23, 8.9583, -75.8363, 0),
(23807, 'TIERRALTA', 23, 8.1736, -76.0592, 0),
(23855, 'VALENCIA', 23, 8.258, -76.1493, 0),
(25001, 'AGUA DE DIOS', 25, 4.3765, -74.67, 0),
(25019, 'ALBÁN', 25, 4.8667, -74.45, 0),
(25035, 'ANAPOIMA', 25, 4.5203, -74.5394, 0),
(25040, 'ANOLAIMA', 25, 4.7659, -74.4655, 0),
(25053, 'ARBELÁEZ', 25, 4.2725, -74.4151, 0),
(25086, 'BELTRÁN', 25, 4.8053, -74.7456, 0),
(25095, 'BITUIMA', 25, 4.8744, -74.5428, 0),
(25099, 'BOJACÁ', 25, 4.7318, -74.3413, 0),
(25120, 'CABRERA', 25, NULL, NULL, 0),
(25123, 'CACHIPAY', 25, 5.2667, -74.5667, 0),
(25126, 'CAJICÁ', 25, 4.9186, -74.028, 0),
(25148, 'CAPARRAPÍ', 25, NULL, NULL, 0),
(25151, 'CAQUEZA', 25, NULL, NULL, 0),
(25154, 'CARMEN DE CARUPA', 25, 5.3503, -73.9053, 0),
(25168, 'CHAGUANÍ', 25, 4.9531, -74.5975, 0),
(25175, 'CHÍA', 25, 4.8588, -74.0587, 0),
(25178, 'CHIPAQUE', 25, 4.4425, -74.0442, 0),
(25181, 'CHOACHÍ', 25, 4.529, -73.9227, 0),
(25183, 'CHOCONTÁ', 25, 5.1447, -73.6858, 0),
(25200, 'COGUA', 25, 5.0605, -73.9793, 0),
(25214, 'COTA', 25, 4.8094, -74.098, 0),
(25224, 'CUCUNUBÁ', 25, 5.2496, -73.7661, 0),
(25245, 'EL COLEGIO', 25, 4.5847, -74.9494, 0),
(25258, 'EL PEÑÓN', 25, NULL, NULL, 0),
(25260, 'EL ROSAL', 25, 4.8531, -74.26, 0),
(25269, 'FACATATIVÁ', 25, 4.8137, -74.3545, 0),
(25279, 'FOMEQUE', 25, NULL, NULL, 0),
(25281, 'FOSCA', 25, 4.3411, -73.9417, 0),
(25286, 'FUNZA', 25, 4.7164, -74.212, 0),
(25288, 'FÚQUENE', 25, 5.4072, -73.8019, 0),
(25290, 'FUSAGASUGÁ', 25, NULL, NULL, 0),
(25293, 'GACHALA', 25, NULL, NULL, 0),
(25295, 'GACHANCIPÁ', 25, 4.9911, -73.8715, 0),
(25297, 'GACHETÁ', 25, 4.8185, -73.6366, 0),
(25299, 'GAMA', 25, 4.7653, -73.6144, 0),
(25307, 'GIRARDOT', 25, 4.2987, -74.8047, 0),
(25312, 'GRANADA', 25, 3.5386, -73.7006, 0),
(25317, 'GUACHETÁ', 25, 5.3864, -73.69, 0),
(25320, 'GUADUAS', 25, 5.0669, -74.595, 0),
(25322, 'GUASCA', 25, 4.866, -73.8775, 0),
(25324, 'GUATAQUÍ', 25, 4.5333, -74.8, 0),
(25326, 'GUATAVITA', 25, 4.9369, -73.8325, 0),
(25328, 'GUAYABAL DE SIQUIMA', 25, NULL, NULL, 0),
(25335, 'GUAYABETAL', 25, 4.2147, -73.8172, 0),
(25339, 'GUTIÉRREZ', 25, 4.2547, -74.0025, 0),
(25368, 'JERUSALÉN', 25, 4.5667, -74.7, 0),
(25372, 'JUNÍN', 25, 4.7958, -73.6389, 0),
(25377, 'LA CALERA', 25, 4.3833, -73.9833, 0),
(25386, 'LA MESA', 25, 4.6358, -73.4664, 0),
(25394, 'LA PALMA', 25, NULL, NULL, 0),
(25398, 'LA PEÑA', 25, NULL, NULL, 0),
(25402, 'LA VEGA', 25, 4.9667, -74.6167, 0),
(25407, 'LENGUAZAQUE', 25, NULL, NULL, 0),
(25426, 'MACHETA', 25, NULL, NULL, 0),
(25430, 'MADRID', 25, 4.7324, -74.2642, 0),
(25436, 'MANTA', 25, 5.0175, -73.5453, 0),
(25438, 'MEDINA', 25, 4.5119, -73.3514, 0),
(25473, 'MOSQUERA', 25, 4.7059, -74.2302, 0),
(25483, 'NARIÑO', 25, 4.4006, -74.8358, 0),
(25486, 'NEMOCÓN', 25, 5.05, -73.8833, 0),
(25488, 'NILO', 25, 4.306, -74.6208, 0),
(25489, 'NIMAIMA', 25, NULL, NULL, 0),
(25491, 'NOCAIMA', 25, 5.0698, -74.378, 0),
(25506, 'VENECIA', 25, NULL, NULL, 0),
(25513, 'PACHO', 25, 5.1328, -74.1598, 0),
(25518, 'PAIME', 25, NULL, NULL, 0),
(25524, 'PANDI', 25, 4.1911, -74.4875, 0),
(25530, 'PARATEBUENO', 25, NULL, NULL, 0),
(25535, 'PASCA', 25, 4.3072, -74.3006, 0),
(25572, 'PUERTO SALGAR', 25, 5.47, -74.6575, 0),
(25580, 'PULÍ', 25, 4.6856, -74.7167, 0),
(25592, 'QUEBRADANEGRA', 25, 5.12, -74.4825, 0),
(25594, 'QUETAME', 25, 4.3331, -73.8656, 0),
(25596, 'QUIPILE', 25, 4.7481, -74.5631, 0),
(25599, 'APULO', 25, NULL, NULL, 0),
(25612, 'RICAURTE', 25, NULL, NULL, 0),
(25645, 'SAN ANTONIO DEL TEQUENDAMA', 25, 4.6189, -74.3539, 0),
(25649, 'SAN BERNARDO', 25, 4.1978, -74.4261, 0),
(25653, 'SAN CAYETANO', 25, 5.3042, -74.0731, 0),
(25658, 'SAN FRANCISCO', 25, 1.1787, -76.8785, 0),
(25662, 'SAN JUAN DE RÍO SECO', 25, NULL, NULL, 0),
(25718, 'SASAIMA', 25, 4.8981, -74.4369, 0),
(25736, 'SESQUILÉ', 25, 5.0446, -73.7972, 0),
(25740, 'SIBATÉ', 25, 4.4842, -74.245, 0),
(25743, 'SILVANIA', 25, 4.4037, -74.3867, 0),
(25745, 'SIMIJACA', 25, 5.5029, -73.8523, 0),
(25754, 'SOACHA', 25, 4.5794, -74.2168, 0),
(25758, 'SOPÓ', 25, 4.9075, -73.9384, 0),
(25769, 'SUBACHOQUE', 25, 4.9261, -74.173, 0),
(25772, 'SUESCA', 25, 5.1047, -73.8022, 0),
(25777, 'SUPATÁ', 25, 5.061, -74.2372, 0),
(25779, 'SUSA', 25, 5.45, -73.8167, 0),
(25781, 'SUTATAUSA', 25, 5.2514, -73.8561, 0),
(25785, 'TABIO', 25, 4.9173, -74.0936, 0),
(25793, 'TAUSA', 25, 5.1994, -73.8906, 0),
(25797, 'TENA', 25, 4.6572, -74.3686, 0),
(25799, 'TENJO', 25, 4.8727, -74.1444, 0),
(25805, 'TIBACUY', 25, NULL, NULL, 0),
(25807, 'TIBIRITA', 25, NULL, NULL, 0),
(25815, 'TOCAIMA', 25, 4.4582, -74.6343, 0),
(25817, 'TOCANCIPÁ', 25, 4.9653, -73.913, 0),
(25823, 'TOPAIPÍ', 25, NULL, NULL, 0),
(25839, 'UBALÁ', 25, NULL, NULL, 0),
(25841, 'UBAQUE', 25, 4.4833, -73.9333, 0),
(25843, 'VILLA DE SAN DIEGO DE UBATE', 25, NULL, NULL, 0),
(25845, 'UNE', 25, 4.4031, -74.0253, 0),
(25851, 'ÚTICA', 25, NULL, NULL, 0),
(25862, 'VERGARA', 25, 5.1217, -74.3486, 0),
(25867, 'VIANÍ', 25, 4.8833, -74.5667, 0),
(25871, 'VILLAGÓMEZ', 25, 5.2761, -74.1989, 0),
(25873, 'VILLAPINZÓN', 25, 5.2162, -73.5949, 0),
(25875, 'VILLETA', 25, 5.0089, -74.4723, 0),
(25878, 'VIOTÁ', 25, 4.4371, -74.5216, 0),
(25885, 'YACOPÍ', 25, NULL, NULL, 0),
(25898, 'ZIPACÓN', 25, NULL, NULL, 0),
(25899, 'ZIPAQUIRÁ', 25, 5.0221, -74.0048, 0),
(27001, 'QUIBDÓ', 27, 5.6947, -76.6611, 0),
(27006, 'ACANDÍ', 27, NULL, NULL, 0),
(27025, 'ALTO BAUDO', 27, NULL, NULL, 0),
(27050, 'ATRATO', 27, NULL, NULL, 0),
(27073, 'BAGADÓ', 27, NULL, NULL, 0),
(27075, 'BAHÍA SOLANO', 27, NULL, NULL, 0),
(27077, 'BAJO BAUDÓ', 27, NULL, NULL, 0),
(27086, 'BELÉN DE BAJIRÁ', 27, NULL, NULL, 0),
(27099, 'BOJAYA', 27, NULL, NULL, 0),
(27135, 'EL CANTÓN DEL SAN PABLO', 27, NULL, NULL, 0),
(27150, 'CARMEN DEL DARIEN', 27, NULL, NULL, 0),
(27160, 'CÉRTEGUI', 27, NULL, NULL, 0),
(27205, 'CONDOTO', 27, NULL, NULL, 0),
(27245, 'EL CARMEN DE ATRATO', 27, NULL, NULL, 0),
(27250, 'EL LITORAL DEL SAN JUAN', 27, NULL, NULL, 0),
(27361, 'ISTMINA', 27, 5.1589, -76.6917, 0),
(27372, 'JURADÓ', 27, NULL, NULL, 0),
(27413, 'LLORÓ', 27, NULL, NULL, 0),
(27425, 'MEDIO ATRATO', 27, NULL, NULL, 0),
(27430, 'MEDIO BAUDÓ', 27, NULL, NULL, 0),
(27450, 'MEDIO SAN JUAN', 27, NULL, NULL, 0),
(27491, 'NÓVITA', 27, NULL, NULL, 0),
(27495, 'NUQUÍ', 27, NULL, NULL, 0),
(27580, 'RÍO IRO', 27, NULL, NULL, 0),
(27600, 'RÍO QUITO', 27, NULL, NULL, 0),
(27615, 'RIOSUCIO', 27, 5.4216, -75.7032, 0),
(27660, 'SAN JOSÉ DEL PALMAR', 27, 4.9742, -76.2283, 0),
(27745, 'SIPÍ', 27, NULL, NULL, 0),
(27787, 'TADÓ', 27, NULL, NULL, 0),
(27800, 'UNGUÍA', 27, NULL, NULL, 0),
(27810, 'UNIÓN PANAMERICANA', 27, NULL, NULL, 0),
(41001, 'NEIVA', 41, 2.9273, -75.2819, 0),
(41006, 'ACEVEDO', 41, 1.8361, -75.855, 0),
(41013, 'AGRADO', 41, 2.2583, -75.7725, 0),
(41016, 'AIPE', 41, 3.2222, -75.2367, 0),
(41020, 'ALGECIRAS', 41, NULL, NULL, 0),
(41026, 'ALTAMIRA', 41, 2.0628, -75.7872, 0),
(41078, 'BARAYA', 41, NULL, NULL, 0),
(41132, 'CAMPOALEGRE', 41, 2.6849, -75.3231, 0),
(41206, 'COLOMBIA', 41, NULL, NULL, 0),
(41244, 'ELÍAS', 41, 2.0183, -75.9408, 0),
(41298, 'GARZÓN', 41, 2.1959, -75.6278, 0),
(41306, 'GIGANTE', 41, 2.3868, -75.5453, 0),
(41319, 'GUADALUPE', 41, 2.025, -75.7572, 0),
(41349, 'HOBO', 41, NULL, NULL, 0),
(41357, 'IQUIRA', 41, NULL, NULL, 0),
(41359, 'ISNOS', 41, NULL, NULL, 0),
(41378, 'LA ARGENTINA', 41, 2.1961, -75.98, 0),
(41396, 'LA PLATA', 41, 2.3934, -75.8923, 0),
(41483, 'NÁTAGA', 41, NULL, NULL, 0),
(41503, 'OPORAPA', 41, NULL, NULL, 0),
(41518, 'PAICOL', 41, 2.4486, -75.7747, 0),
(41524, 'PALERMO', 41, 2.8917, -75.4375, 0),
(41530, 'PALESTINA', 41, 5.0194, -75.6224, 0),
(41548, 'PITAL', 41, 2.2672, -75.8047, 0),
(41551, 'PITALITO', 41, 1.8497, -76.0478, 0),
(41615, 'RIVERA', 41, 2.7772, -75.2564, 0),
(41660, 'SALADOBLANCO', 41, NULL, NULL, 0),
(41668, 'SAN AGUSTÍN', 41, 1.8786, -76.2756, 0),
(41676, 'SANTA MARÍA', 41, 4.3392, -74.4189, 0),
(41770, 'SUAZA', 41, 1.9803, -75.8153, 0),
(41791, 'TARQUI', 41, NULL, NULL, 0),
(41797, 'TESALIA', 41, 2.4859, -75.7292, 0),
(41799, 'TELLO', 41, NULL, NULL, 0),
(41801, 'TERUEL', 41, 2.7428, -75.5697, 0),
(41807, 'TIMANÁ', 41, 1.9822, -75.9483, 0),
(41872, 'VILLAVIEJA', 41, 3.2228, -75.2225, 0),
(41885, 'YAGUARÁ', 41, 2.6635, -75.5175, 0),
(44001, 'RIOHACHA', 44, NULL, NULL, 0),
(44035, 'ALBANIA', 44, 11.161, -72.5924, 0),
(44078, 'BARRANCAS', 44, 10.9589, -72.7908, 0),
(44090, 'DIBULLA', 44, NULL, NULL, 0),
(44098, 'DISTRACCIÓN', 44, 10.8978, -72.8869, 0),
(44110, 'EL MOLINO', 44, NULL, NULL, 0),
(44279, 'FONSECA', 44, 10.8861, -72.8487, 0),
(44378, 'HATONUEVO', 44, NULL, NULL, 0),
(44420, 'LA JAGUA DEL PILAR', 44, NULL, NULL, 0),
(44430, 'MAICAO', 44, 11.3832, -72.2432, 0),
(44560, 'MANAURE', 44, NULL, NULL, 0),
(44650, 'SAN JUAN DEL CESAR', 44, 10.7711, -73.0031, 0),
(44847, 'URIBIA', 44, 11.7167, -72.2694, 0),
(44855, 'URUMITA', 44, 10.5667, -73.0167, 0),
(44874, 'VILLANUEVA', 44, 10.6053, -72.98, 0),
(47001, 'SANTA MARTA', 47, 11.2408, -74.199, 0),
(47030, 'ALGARROBO', 47, NULL, NULL, 0),
(47053, 'ARACATACA', 47, 10.5928, -74.1906, 0),
(47058, 'ARIGUANÍ', 47, 10.25, -74, 0),
(47161, 'CERRO SAN ANTONIO', 47, NULL, NULL, 0),
(47170, 'CHIBOLO', 47, NULL, NULL, 0),
(47189, 'CIÉNAGA', 47, 11.007, -74.2476, 0),
(47205, 'CONCORDIA', 47, 6.0494, -75.9094, 0),
(47245, 'EL BANCO', 47, 9.0047, -73.9781, 0),
(47258, 'EL PIÑON', 47, NULL, NULL, 0),
(47268, 'EL RETÉN', 47, 10.6167, -74.2667, 0),
(47288, 'FUNDACIÓN', 47, 10.5207, -74.185, 0),
(47318, 'GUAMAL', 47, 9.1472, -74.23, 0),
(47460, 'NUEVA GRANADA', 47, NULL, NULL, 0),
(47541, 'PEDRAZA', 47, NULL, NULL, 0),
(47545, 'PIJIÑO DEL CARMEN', 47, NULL, NULL, 0),
(47551, 'PIVIJAY', 47, 10.4617, -74.6162, 0),
(47555, 'PLATO', 47, 9.7919, -74.7872, 0),
(47570, 'PUEBLOVIEJO', 47, 10.9972, -74.2875, 0),
(47605, 'REMOLINO', 47, NULL, NULL, 0),
(47660, 'SABANAS DE SAN ANGEL', 47, NULL, NULL, 0),
(47675, 'SALAMINA', 47, 5.4073, -75.4875, 0),
(47692, 'SAN SEBASTIÁN DE BUENAVISTA', 47, NULL, NULL, 0),
(47703, 'SAN ZENÓN', 47, NULL, NULL, 0),
(47707, 'SANTA ANA', 47, NULL, NULL, 0),
(47720, 'SANTA BÁRBARA DE PINTO', 47, NULL, NULL, 0),
(47745, 'SITIONUEVO', 47, NULL, NULL, 0),
(47798, 'TENERIFE', 47, NULL, NULL, 0),
(47960, 'ZAPAYÁN', 47, NULL, NULL, 0),
(47980, 'ZONA BANANERA', 47, NULL, NULL, 0),
(50001, 'VILLAVICENCIO', 50, 4.142, -73.6266, 0),
(50006, 'ACACÍAS', 50, 3.9869, -73.758, 0),
(50110, 'BARRANCA DE UPÍA', 50, NULL, NULL, 0),
(50124, 'CABUYARO', 50, NULL, NULL, 0),
(50150, 'CASTILLA LA NUEVA', 50, 3.8303, -73.6825, 0),
(50223, 'CUBARRAL', 50, NULL, NULL, 0),
(50226, 'CUMARAL', 50, 4.2708, -73.4867, 0),
(50245, 'EL CALVARIO', 50, 4.3534, -73.7115, 0),
(50251, 'EL CASTILLO', 50, NULL, NULL, 0),
(50270, 'EL DORADO', 50, 2.7792, -72.8719, 0),
(50287, 'FUENTE DE ORO', 50, NULL, NULL, 0),
(50313, 'GRANADA', 50, 3.5386, -73.7006, 0),
(50318, 'GUAMAL', 50, 9.1472, -74.23, 0),
(50325, 'MAPIRIPÁN', 50, NULL, NULL, 0),
(50330, 'MESETAS', 50, NULL, NULL, 0),
(50350, 'LA MACARENA', 50, NULL, NULL, 0),
(50370, 'URIBE', 50, NULL, NULL, 0),
(50400, 'LEJANÍAS', 50, NULL, NULL, 0),
(50450, 'PUERTO CONCORDIA', 50, NULL, NULL, 0),
(50568, 'PUERTO GAITÁN', 50, 4.3133, -72.0816, 0),
(50573, 'PUERTO LÓPEZ', 50, 4.0845, -72.956, 0),
(50577, 'PUERTO LLERAS', 50, NULL, NULL, 0),
(50590, 'PUERTO RICO', 50, 1.9057, -75.1541, 0),
(50606, 'RESTREPO', 50, 3.822, -76.5224, 0),
(50680, 'SAN CARLOS DE GUAROA', 50, NULL, NULL, 0),
(50683, 'SAN JUAN DE ARAMA', 50, NULL, NULL, 0),
(50686, 'SAN JUANITO', 50, NULL, NULL, 0),
(50689, 'SAN MARTÍN', 50, 8.0015, -73.5113, 0),
(50711, 'VISTAHERMOSA', 50, NULL, NULL, 0),
(52001, 'PASTO', 52, 1.2136, -77.2811, 0),
(52019, 'ALBÁN', 52, 4.8667, -74.45, 0),
(52022, 'ALDANA', 52, NULL, NULL, 0),
(52036, 'ANCUYÁ', 52, NULL, NULL, 0),
(52051, 'ARBOLEDA', 52, NULL, NULL, 0),
(52079, 'BARBACOAS', 52, 1.6558, -78.1653, 0),
(52083, 'BELÉN', 52, 4.6776, -74.1486, 0),
(52110, 'BUESACO', 52, 1.3858, -77.1594, 0),
(52203, 'COLÓN', 52, 1.1936, -76.9769, 0),
(52207, 'CONSACA', 52, NULL, NULL, 0),
(52210, 'CONTADERO', 52, NULL, NULL, 0),
(52215, 'CÓRDOBA', 52, 9.5872, -74.8294, 0),
(52224, 'CUASPUD', 52, NULL, NULL, 0),
(52227, 'CUMBAL', 52, 0.9119, -77.795, 0),
(52233, 'CUMBITARA', 52, NULL, NULL, 0),
(52240, 'CHACHAGÜÍ', 52, 1.2133, -77.2856, 0),
(52250, 'EL CHARCO', 52, NULL, NULL, 0),
(52254, 'EL PEÑOL', 52, NULL, NULL, 0),
(52256, 'EL ROSARIO', 52, NULL, NULL, 0),
(52258, 'EL TABLÓN DE GÓMEZ', 52, NULL, NULL, 0),
(52260, 'EL TAMBO', 52, 1.4181, -77.3968, 0),
(52287, 'FUNES', 52, NULL, NULL, 0),
(52317, 'GUACHUCAL', 52, 0.9609, -77.7316, 0),
(52320, 'GUAITARILLA', 52, NULL, NULL, 0),
(52323, 'GUALMATÁN', 52, 0.9192, -77.5661, 0),
(52352, 'ILES', 52, NULL, NULL, 0),
(52354, 'IMUÉS', 52, NULL, NULL, 0),
(52356, 'IPIALES', 52, 0.8302, -77.6496, 0),
(52378, 'LA CRUZ', 52, 1.6047, -76.9742, 0),
(52381, 'LA FLORIDA', 52, NULL, NULL, 0),
(52385, 'LA LLANADA', 52, NULL, NULL, 0),
(52390, 'LA TOLA', 52, NULL, NULL, 0),
(52399, 'LA UNIÓN', 52, 4.5328, -76.1032, 0),
(52405, 'LEIVA', 52, 5.6386, -73.5283, 0),
(52411, 'LINARES', 52, NULL, NULL, 0),
(52418, 'LOS ANDES', 52, NULL, NULL, 0),
(52427, 'MAGÜI', 52, NULL, NULL, 0),
(52435, 'MALLAMA', 52, NULL, NULL, 0),
(52473, 'MOSQUERA', 52, 4.7059, -74.2302, 0),
(52480, 'NARIÑO', 52, 4.4006, -74.8358, 0),
(52490, 'OLAYA HERRERA', 52, NULL, NULL, 0),
(52506, 'OSPINA', 52, NULL, NULL, 0),
(52520, 'FRANCISCO PIZARRO', 52, NULL, NULL, 0),
(52540, 'POLICARPA', 52, NULL, NULL, 0),
(52560, 'POTOSÍ', 52, NULL, NULL, 0),
(52565, 'PROVIDENCIA', 52, 1.5703, -77.4694, 0),
(52573, 'PUERRES', 52, NULL, NULL, 0),
(52585, 'PUPIALES', 52, 0.8725, -77.6428, 0),
(52612, 'RICAURTE', 52, NULL, NULL, 0),
(52621, 'ROBERTO PAYÁN', 52, NULL, NULL, 0),
(52678, 'SAMANIEGO', 52, 1.3489, -77.5961, 0),
(52683, 'SANDONÁ', 52, 1.2915, -77.4741, 0),
(52685, 'SAN BERNARDO', 52, 4.1978, -74.4261, 0),
(52687, 'SAN LORENZO', 52, NULL, NULL, 0),
(52693, 'SAN PABLO', 52, 4.7211, -73.7797, 0),
(52694, 'SAN PEDRO DE CARTAGO', 52, NULL, NULL, 0),
(52696, 'SANTA BÁRBARA', 52, 5.8746, -75.5671, 0),
(52699, 'SANTACRUZ', 52, NULL, NULL, 0),
(52720, 'SAPUYES', 52, NULL, NULL, 0),
(52786, 'TAMINANGO', 52, NULL, NULL, 0),
(52788, 'TANGUA', 52, 1.0972, -77.3981, 0),
(52835, 'TUMACO', 52, 1.7986, -78.8156, 0),
(52838, 'TÚQUERRES', 52, 1.0923, -77.6209, 0),
(52885, 'YACUANQUER', 52, 1.1186, -77.405, 0),
(54001, 'CÚCUTA', 54, 7.8939, -72.5078, 0),
(54003, 'ABREGO', 54, NULL, NULL, 0),
(54051, 'ARBOLEDAS', 54, 7.6453, -72.8031, 0),
(54099, 'BOCHALEMA', 54, 7.6142, -72.6503, 0),
(54109, 'BUCARASICA', 54, 8.0442, -72.8717, 0),
(54125, 'CÁCOTA', 54, NULL, NULL, 0),
(54128, 'CACHIRÁ', 54, NULL, NULL, 0),
(54172, 'CHINÁCOTA', 54, 7.6073, -72.6011, 0),
(54174, 'CHITAGÁ', 54, NULL, NULL, 0),
(54206, 'CONVENCIÓN', 54, NULL, NULL, 0),
(54223, 'CUCUTILLA', 54, 7.5422, -72.7767, 0),
(54239, 'DURANIA', 54, 7.7172, -72.66, 0),
(54245, 'EL CARMEN', 54, NULL, NULL, 0),
(54250, 'EL TARRA', 54, NULL, NULL, 0),
(54261, 'EL ZULIA', 54, 7.9356, -72.605, 0),
(54313, 'GRAMALOTE', 54, 7.8917, -72.8008, 0),
(54344, 'HACARÍ', 54, NULL, NULL, 0),
(54347, 'HERRÁN', 54, NULL, NULL, 0),
(54377, 'LABATECA', 54, 7.2985, -72.4944, 0),
(54385, 'LA ESPERANZA', 54, NULL, NULL, 0),
(54398, 'LA PLAYA', 54, NULL, NULL, 0),
(54405, 'LOS PATIOS', 54, 7.8379, -72.5037, 0),
(54418, 'LOURDES', 54, 7.95, -72.8333, 0),
(54480, 'MUTISCUA', 54, NULL, NULL, 0),
(54498, 'OCAÑA', 54, 8.2377, -73.356, 0),
(54518, 'PAMPLONA', 54, 7.3756, -72.6479, 0),
(54520, 'PAMPLONITA', 54, NULL, NULL, 0),
(54553, 'PUERTO SANTANDER', 54, 8.3636, -72.4063, 0),
(54599, 'RAGONVALIA', 54, NULL, NULL, 0),
(54660, 'SALAZAR', 54, NULL, NULL, 0),
(54670, 'SAN CALIXTO', 54, NULL, NULL, 0),
(54673, 'SAN CAYETANO', 54, 5.3042, -74.0731, 0),
(54680, 'SANTIAGO', 54, 1.1484, -77.0045, 0),
(54720, 'SARDINATA', 54, 8.0858, -72.8047, 0),
(54743, 'SILOS', 54, 7.2081, -72.76, 0),
(54800, 'TEORAMA', 54, NULL, NULL, 0),
(54810, 'TIBÚ', 54, 8.6481, -72.7394, 0),
(54820, 'TOLEDO', 54, 7.3131, -72.4875, 0),
(54871, 'VILLA CARO', 54, NULL, NULL, 0),
(54874, 'VILLA DEL ROSARIO', 54, 7.8339, -72.4742, 0),
(63001, 'ARMENIA', 63, 4.5339, -75.6811, 0),
(63111, 'BUENAVISTA', 63, 4.3622, -75.7394, 0),
(63130, 'CALARCA', 63, NULL, NULL, 0),
(63190, 'CIRCASIA', 63, 4.6189, -75.6358, 0),
(63212, 'CÓRDOBA', 63, 9.5872, -74.8294, 0),
(63272, 'FILANDIA', 63, 4.6747, -75.6583, 0),
(63302, 'GÉNOVA', 63, 4.3167, -75.7667, 0),
(63401, 'LA TEBAIDA', 63, 4.7435, -74.1714, 0),
(63470, 'MONTENEGRO', 63, 4.5664, -75.7511, 0),
(63548, 'PIJAO', 63, 4.3381, -75.7075, 0),
(63594, 'QUIMBAYA', 63, 4.6231, -75.7628, 0),
(63690, 'SALENTO', 63, 4.6375, -75.5703, 0),
(66001, 'PEREIRA', 66, 4.8133, -75.6961, 0),
(66045, 'APÍA', 66, 5.1081, -75.9464, 0),
(66075, 'BALBOA', 66, NULL, NULL, 0),
(66088, 'BELÉN DE UMBRÍA', 66, 5.2009, -75.8687, 0),
(66170, 'DOSQUEBRADAS', 66, 5.7291, -74.3466, 0),
(66318, 'GUÁTICA', 66, NULL, NULL, 0),
(66383, 'LA CELIA', 66, NULL, NULL, 0),
(66400, 'LA VIRGINIA', 66, 4.8997, -75.8825, 0),
(66440, 'MARSELLA', 66, 4.9372, -75.7378, 0),
(66456, 'MISTRATÓ', 66, 5.2973, -75.8832, 0),
(66572, 'PUEBLO RICO', 66, NULL, NULL, 0),
(66594, 'QUINCHÍA', 66, 5.3396, -75.7302, 0),
(66682, 'SANTA ROSA DE CABAL', 66, 4.8681, -75.6214, 0),
(66687, 'SANTUARIO', 66, 6.1383, -75.2642, 0),
(68001, 'BUCARAMANGA', 68, 7.1254, -73.1198, 0),
(68013, 'AGUADA', 68, NULL, NULL, 0),
(68020, 'ALBANIA', 68, 11.161, -72.5924, 0),
(68051, 'ARATOCA', 68, 6.6983, -73.0217, 0),
(68077, 'BARBOSA', 68, 5.9317, -73.6151, 0),
(68079, 'BARICHARA', 68, 6.6357, -73.2228, 0),
(68081, 'BARRANCABERMEJA', 68, 7.0653, -73.8547, 0),
(68092, 'BETULIA', 68, 6.1128, -75.9838, 0),
(68101, 'BOLÍVAR', 68, 4.3406, -76.1881, 0),
(68121, 'CABRERA', 68, NULL, NULL, 0),
(68132, 'CALIFORNIA', 68, 7.35, -72.9667, 0),
(68147, 'CAPITANEJO', 68, NULL, NULL, 0),
(68152, 'CARCASÍ', 68, NULL, NULL, 0),
(68160, 'CEPITÁ', 68, NULL, NULL, 0),
(68162, 'CERRITO', 68, NULL, NULL, 0),
(68167, 'CHARALÁ', 68, 5.8365, -73.281, 0),
(68169, 'CHARTA', 68, 7.2842, -72.9697, 0),
(68176, 'CHIMA', 68, NULL, NULL, 0),
(68179, 'CHIPATÁ', 68, NULL, NULL, 0),
(68190, 'CIMITARRA', 68, 6.3161, -73.9506, 0),
(68207, 'CONCEPCIÓN', 68, 6.3972, -75.2578, 0),
(68209, 'CONFINES', 68, NULL, NULL, 0),
(68211, 'CONTRATACIÓN', 68, NULL, NULL, 0),
(68217, 'COROMORO', 68, 6.2946, -73.0402, 0),
(68229, 'CURITÍ', 68, 6.61, -73.0717, 0),
(68235, 'EL CARMEN DE CHUCURÍ', 68, NULL, NULL, 0),
(68245, 'EL GUACAMAYO', 68, NULL, NULL, 0),
(68250, 'EL PEÑÓN', 68, NULL, NULL, 0),
(68255, 'EL PLAYÓN', 68, NULL, NULL, 0),
(68264, 'ENCINO', 68, NULL, NULL, 0),
(68266, 'ENCISO', 68, NULL, NULL, 0),
(68271, 'FLORIÁN', 68, 5.8047, -73.9742, 0),
(68276, 'FLORIDABLANCA', 68, 7.0622, -73.0864, 0),
(68296, 'GALÁN', 68, NULL, NULL, 0),
(68298, 'GAMBITA', 68, NULL, NULL, 0),
(68307, 'GIRÓN', 68, 7.0682, -73.1698, 0),
(68318, 'GUACA', 68, NULL, NULL, 0),
(68320, 'GUADALUPE', 68, 2.025, -75.7572, 0),
(68322, 'GUAPOTÁ', 68, 6.3081, -73.3206, 0),
(68324, 'GUAVATÁ', 68, NULL, NULL, 0),
(68327, 'GÜEPSA', 68, NULL, NULL, 0),
(68344, 'HATO', 68, 6.5456, -73.3114, 0),
(68368, 'JESÚS MARÍA', 68, NULL, NULL, 0),
(68370, 'JORDÁN', 68, 6.7361, -73.0994, 0),
(68377, 'LA BELLEZA', 68, 5.7908, -73.8489, 0),
(68385, 'LANDÁZURI', 68, 6.2239, -73.8128, 0),
(68397, 'LA PAZ', 68, NULL, NULL, 0),
(68406, 'LEBRÍJA', 68, NULL, NULL, 0),
(68418, 'LOS SANTOS', 68, NULL, NULL, 0),
(68425, 'MACARAVITA', 68, 6.5, -72.5964, 0),
(68432, 'MÁLAGA', 68, 6.699, -72.7323, 0),
(68444, 'MATANZA', 68, 7.3253, -73.0194, 0),
(68464, 'MOGOTES', 68, NULL, NULL, 0),
(68468, 'MOLAGAVITA', 68, NULL, NULL, 0),
(68498, 'OCAMONTE', 68, NULL, NULL, 0),
(68500, 'OIBA', 68, 6.2639, -73.2988, 0),
(68502, 'ONZAGA', 68, NULL, NULL, 0),
(68522, 'PALMAR', 68, NULL, NULL, 0),
(68524, 'PALMAS DEL SOCORRO', 68, 6.4067, -73.2869, 0),
(68533, 'PÁRAMO', 68, NULL, NULL, 0),
(68547, 'PIEDECUESTA', 68, 6.9879, -73.0495, 0),
(68549, 'PINCHOTE', 68, NULL, NULL, 0),
(68572, 'PUENTE NACIONAL', 68, NULL, NULL, 0),
(68573, 'PUERTO PARRA', 68, NULL, NULL, 0),
(68575, 'PUERTO WILCHES', 68, 7.3494, -73.9061, 0),
(68615, 'RIONEGRO', 68, 6.1551, -75.3737, 0),
(68655, 'SABANA DE TORRES', 68, 7.3915, -73.4957, 0),
(68669, 'SAN ANDRÉS', 68, 12.5847, -81.7006, 0),
(68673, 'SAN BENITO', 68, NULL, NULL, 0),
(68679, 'SAN GIL', 68, 6.5557, -73.1331, 0),
(68682, 'SAN JOAQUÍN', 68, NULL, NULL, 0),
(68684, 'SAN JOSÉ DE MIRANDA', 68, 6.6606, -72.7369, 0),
(68686, 'SAN MIGUEL', 68, NULL, NULL, 0),
(68689, 'SAN VICENTE DE CHUCURÍ', 68, 6.881, -73.4098, 0),
(68705, 'SANTA BÁRBARA', 68, 5.8746, -75.5671, 0),
(68720, 'SANTA HELENA DEL OPÓN', 68, NULL, NULL, 0),
(68745, 'SIMACOTA', 68, 6.4429, -73.3369, 0),
(68755, 'SOCORRO', 68, 6.4684, -73.2602, 0),
(68770, 'SUAITA', 68, NULL, NULL, 0),
(68773, 'SUCRE', 68, 8.8114, -74.7208, 0),
(68780, 'SURATÁ', 68, 7.3694, -72.9872, 0),
(68820, 'TONA', 68, NULL, NULL, 0),
(68855, 'VALLE DE SAN JOSÉ', 68, NULL, NULL, 0),
(68861, 'VÉLEZ', 68, 6.0134, -73.6735, 0),
(68867, 'VETAS', 68, 7.3333, -72.8667, 0),
(68872, 'VILLANUEVA', 68, 10.6053, -72.98, 0),
(68895, 'ZAPATOCA', 68, 6.8153, -73.2677, 0),
(70001, 'SINCELEJO', 70, 9.3047, -75.3978, 0),
(70110, 'BUENAVISTA', 70, 4.3622, -75.7394, 0),
(70124, 'CAIMITO', 70, 8.7931, -75.3928, 0),
(70204, 'COLOSO', 70, NULL, NULL, 0),
(70215, 'COROZAL', 70, 9.0631, -73.7489, 0),
(70221, 'COVEÑAS', 70, 9.4167, -75.7, 0),
(70230, 'CHALÁN', 70, NULL, NULL, 0),
(70233, 'EL ROBLE', 70, NULL, NULL, 0),
(70235, 'GALERAS', 70, NULL, NULL, 0),
(70265, 'GUARANDA', 70, NULL, NULL, 0),
(70400, 'LA UNIÓN', 70, 4.5328, -76.1032, 0),
(70418, 'LOS PALMITOS', 70, 9.379, -75.2677, 0),
(70429, 'MAJAGUAL', 70, 8.5428, -74.6311, 0),
(70473, 'MORROA', 70, 9.3335, -75.3054, 0),
(70508, 'OVEJAS', 70, NULL, NULL, 0),
(70523, 'PALMITO', 70, 9.3333, -75.55, 0),
(70670, 'SAMPUÉS', 70, 9.1836, -75.3817, 0),
(70678, 'SAN BENITO ABAD', 70, NULL, NULL, 0),
(70702, 'SAN JUAN DE BETULIA', 70, 9.2735, -75.241, 0),
(70708, 'SAN MARCOS', 70, 8.6611, -75.1347, 0),
(70713, 'SAN ONOFRE', 70, 9.74, -75.5278, 0),
(70717, 'SAN PEDRO', 70, 3.9922, -76.2393, 0),
(70742, 'SAN LUIS DE SINCÉ', 70, NULL, NULL, 0),
(70771, 'SUCRE', 70, 8.8114, -74.7208, 0),
(70820, 'SANTIAGO DE TOLÚ', 70, NULL, NULL, 0),
(70823, 'TOLÚ VIEJO', 70, NULL, NULL, 0),
(73001, 'IBAGUÉ', 73, 4.4389, -75.2322, 0),
(73024, 'ALPUJARRA', 73, NULL, NULL, 0),
(73026, 'ALVARADO', 73, 4.5661, -74.9623, 0),
(73030, 'AMBALEMA', 73, NULL, NULL, 0),
(73043, 'ANZOÁTEGUI', 73, 4.63, -75.0954, 0),
(73055, 'ARMERO', 73, NULL, NULL, 0),
(73067, 'ATACO', 73, 3.595, -75.3858, 0),
(73124, 'CAJAMARCA', 73, 4.4417, -75.4268, 0),
(73148, 'CARMEN DE APICALÁ', 73, 4.15, -74.7333, 0),
(73152, 'CASABIANCA', 73, NULL, NULL, 0),
(73168, 'CHAPARRAL', 73, 3.7269, -75.4872, 0),
(73200, 'COELLO', 73, 4.29, -74.9014, 0),
(73217, 'COYAIMA', 73, 3.8025, -75.1983, 0),
(73226, 'CUNDAY', 73, 4.06, -74.6921, 0),
(73236, 'DOLORES', 73, 3.0725, -74.9003, 0),
(73268, 'ESPINAL', 73, 4.1492, -74.8843, 0),
(73270, 'FALAN', 73, 5.1156, -74.9489, 0),
(73275, 'FLANDES', 73, 4.2941, -74.819, 0),
(73283, 'FRESNO', 73, 5.1526, -75.0362, 0),
(73319, 'GUAMO', 73, 4.0308, -74.9701, 0),
(73347, 'HERVEO', 73, NULL, NULL, 0),
(73349, 'HONDA', 73, 5.2086, -74.7358, 0),
(73352, 'ICONONZO', 73, 4.177, -74.5325, 0),
(73408, 'LÉRIDA', 73, 4.8624, -74.9098, 0),
(73411, 'LÍBANO', 73, 4.9218, -75.0623, 0),
(73443, 'MARIQUITA', 73, 5.1989, -74.8929, 0),
(73449, 'MELGAR', 73, 4.2047, -74.6407, 0),
(73461, 'MURILLO', 73, 4.5, -75.75, 0),
(73483, 'NATAGAIMA', 73, 3.6231, -75.0961, 0),
(73504, 'ORTEGA', 73, 3.9361, -75.2217, 0),
(73520, 'PALOCABILDO', 73, 5.1333, -75.0333, 0),
(73547, 'PIEDRAS', 73, 4.5428, -74.8831, 0),
(73555, 'PLANADAS', 73, 3.1975, -75.6483, 0),
(73563, 'PRADO', 73, NULL, NULL, 0),
(73585, 'PURIFICACIÓN', 73, 3.8625, -74.9342, 0),
(73616, 'RIOBLANCO', 73, 3.5308, -75.6806, 0),
(73622, 'RONCESVALLES', 73, 4.0139, -75.6083, 0),
(73624, 'ROVIRA', 73, 4.2392, -75.24, 0),
(73671, 'SALDAÑA', 73, 3.9292, -75.0152, 0),
(73675, 'SAN ANTONIO', 73, 3.6531, -75.6328, 0),
(73678, 'SAN LUIS', 73, 6.0417, -74.9928, 0),
(73686, 'SANTA ISABEL', 73, 4.7167, -75.1014, 0),
(73770, 'SUÁREZ', 73, NULL, NULL, 0),
(73854, 'VALLE DE SAN JUAN', 73, NULL, NULL, 0),
(73861, 'VENADILLO', 73, 4.7193, -74.9292, 0),
(73870, 'VILLAHERMOSA', 73, 5.0339, -75.1186, 0),
(73873, 'VILLARRICA', 73, NULL, NULL, 0),
(76001, 'CALI', 76, 3.4372, -76.5225, 0),
(76020, 'ALCALÁ', 76, 4.6747, -75.7825, 0),
(76036, 'ANDALUCÍA', 76, 4.1706, -76.1664, 0),
(76041, 'ANSERMANUEVO', 76, 4.7972, -75.995, 0),
(76054, 'ARGELIA', 76, 4.4656, -74.4328, 0),
(76100, 'BOLÍVAR', 76, 4.3406, -76.1881, 0),
(76109, 'BUENAVENTURA', 76, 3.8801, -77.0312, 0),
(76111, 'GUADALAJARA DE BUGA', 76, NULL, NULL, 0),
(76113, 'BUGALAGRANDE', 76, 4.2121, -76.1556, 0),
(76122, 'CAICEDONIA', 76, 4.3324, -75.8267, 0),
(76126, 'CALIMA', 76, 3.4857, -76.5001, 0),
(76130, 'CANDELARIA', 76, 3.4067, -76.3482, 0),
(76147, 'CARTAGO', 76, 4.7464, -75.9117, 0),
(76233, 'DAGUA', 76, 3.6603, -76.6928, 0),
(76243, 'EL ÁGUILA', 76, 4.9092, -76.0431, 0),
(76246, 'EL CAIRO', 76, 4.6667, -76.0167, 0),
(76248, 'EL CERRITO', 76, 3.6855, -76.3137, 0),
(76250, 'EL DOVIO', 76, 4.5125, -76.2411, 0),
(76275, 'FLORIDA', 76, 7.0622, -73.0864, 0),
(76306, 'GINEBRA', 76, 3.7246, -76.2667, 0),
(76318, 'GUACARÍ', 76, 3.7638, -76.3329, 0),
(76364, 'JAMUNDÍ', 76, 3.2607, -76.535, 0),
(76377, 'LA CUMBRE', 76, 3.7225, -76.0208, 0),
(76400, 'LA UNIÓN', 76, 4.5328, -76.1032, 0),
(76403, 'LA VICTORIA', 76, 4.5227, -76.0374, 0),
(76497, 'OBANDO', 76, 4.5758, -75.9739, 0),
(76520, 'PALMIRA', 76, 3.5394, -76.3036, 0),
(76563, 'PRADERA', 76, 3.4211, -76.2447, 0),
(76606, 'RESTREPO', 76, 3.822, -76.5224, 0),
(76616, 'RIOFRÍO', 76, 4.1571, -76.2885, 0),
(76622, 'ROLDANILLO', 76, 4.4126, -76.1546, 0),
(76670, 'SAN PEDRO', 76, 3.9922, -76.2393, 0),
(76736, 'SEVILLA', 76, 4.2642, -75.9309, 0),
(76823, 'TORO', 76, 4.6117, -76.0814, 0),
(76828, 'TRUJILLO', 76, 4.2142, -76.3225, 0),
(76834, 'TULUÁ', 76, 4.0847, -76.1954, 0),
(76845, 'ULLOA', 76, 4.7044, -75.7403, 0),
(76863, 'VERSALLES', 76, NULL, NULL, 0),
(76869, 'VIJES', 76, 3.6993, -76.4423, 0),
(76890, 'YOTOCO', 76, 3.8605, -76.3836, 0),
(76892, 'YUMBO', 76, 3.5823, -76.4915, 0),
(76895, 'ZARZAL', 76, 4.3946, -76.0715, 0),
(81001, 'ARAUCA', 81, 7.0845, -70.7554, 0),
(81065, 'ARAUQUITA', 81, 7.0303, -71.4356, 0),
(81220, 'CRAVO NORTE', 81, 6.3019, -70.2086, 0),
(81300, 'FORTUL', 81, NULL, NULL, 0),
(81591, 'PUERTO RONDÓN', 81, NULL, NULL, 0),
(81736, 'SARAVENA', 81, 6.9538, -71.8752, 0),
(81794, 'TAME', 81, 6.461, -71.73, 0),
(85001, 'YOPAL', 85, 5.3378, -72.3959, 0),
(85010, 'AGUAZUL', 85, 5.1728, -72.5471, 0),
(85015, 'CHAMEZA', 85, NULL, NULL, 0),
(85125, 'HATO COROZAL', 85, NULL, NULL, 0),
(85136, 'LA SALINA', 85, NULL, NULL, 0),
(85139, 'MANÍ', 85, 4.8172, -72.2886, 0),
(85162, 'MONTERREY', 85, 4.8783, -72.8972, 0),
(85225, 'NUNCHÍA', 85, NULL, NULL, 0),
(85230, 'OROCUÉ', 85, 4.7942, -71.34, 0),
(85250, 'PAZ DE ARIPORO', 85, 5.8806, -71.8919, 0),
(85263, 'PORE', 85, NULL, NULL, 0),
(85279, 'RECETOR', 85, NULL, NULL, 0),
(85300, 'SABANALARGA', 85, 10.6296, -74.9206, 0),
(85315, 'SÁCAMA', 85, NULL, NULL, 0),
(85325, 'SAN LUIS DE PALENQUE', 85, 5.425, -71.735, 0),
(85400, 'TÁMARA', 85, NULL, NULL, 0),
(85410, 'TAURAMENA', 85, 5.0183, -72.7492, 0),
(85430, 'TRINIDAD', 85, 4.6238, -74.1178, 0),
(85440, 'VILLANUEVA', 85, 10.6053, -72.98, 0),
(86001, 'MOCOA', 86, 1.1493, -76.6466, 0),
(86219, 'COLÓN', 86, 1.1936, -76.9769, 0),
(86320, 'ORITO', 86, 0.6766, -76.8771, 0),
(86568, 'PUERTO ASÍS', 86, 0.5133, -76.5007, 0),
(86569, 'PUERTO CAICEDO', 86, 0.6836, -76.6044, 0),
(86571, 'PUERTO GUZMÁN', 86, NULL, NULL, 0),
(86573, 'LEGUÍZAMO', 86, NULL, NULL, 0),
(86749, 'SIBUNDOY', 86, 1.2048, -76.9237, 0),
(86755, 'SAN FRANCISCO', 86, 1.1787, -76.8785, 0),
(86757, 'SAN MIGUEL', 86, NULL, NULL, 0),
(86760, 'SANTIAGO', 86, 1.1484, -77.0045, 0),
(86865, 'VALLE DEL GUAMUEZ', 86, NULL, NULL, 0),
(86885, 'VILLAGARZÓN', 86, 1.0375, -76.6267, 0),
(88001, 'SAN ANDRÉS', 88, 12.5847, -81.7006, 0),
(88564, 'PROVIDENCIA', 88, 1.5703, -77.4694, 0),
(91001, 'LETICIA', 91, 4.3833, -74.7167, 0),
(91263, 'EL ENCANTO', 91, NULL, NULL, 0),
(91405, 'LA CHORRERA', 91, NULL, NULL, 0),
(91407, 'LA PEDRERA', 91, NULL, NULL, 0),
(91430, 'LA VICTORIA', 91, 4.5227, -76.0374, 0),
(91460, 'MIRITI - PARANÁ', 91, NULL, NULL, 0),
(91530, 'PUERTO ALEGRÍA', 91, NULL, NULL, 0),
(91536, 'PUERTO ARICA', 91, NULL, NULL, 0),
(91540, 'PUERTO NARIÑO', 91, NULL, NULL, 0),
(91669, 'PUERTO SANTANDER', 91, 8.3636, -72.4063, 0),
(91798, 'TARAPACÁ', 91, NULL, NULL, 0),
(94001, 'INÍRIDA', 94, 3.8653, -67.9239, 0),
(94343, 'BARRANCO MINAS', 94, NULL, NULL, 0),
(94663, 'MAPIRIPANA', 94, NULL, NULL, 0),
(94883, 'SAN FELIPE', 94, 4.7828, -75.8228, 0),
(94884, 'PUERTO COLOMBIA', 94, 10.9878, -74.9547, 0),
(94885, 'LA GUADALUPE', 94, NULL, NULL, 0),
(94886, 'CACAHUAL', 94, NULL, NULL, 0),
(94887, 'PANA PANA', 94, NULL, NULL, 0),
(94888, 'MORICHAL', 94, NULL, NULL, 0),
(95001, 'SAN JOSÉ DEL GUAVIARE', 95, 2.5729, -72.6459, 0),
(95015, 'CALAMAR', 95, 10.25, -74.9, 0),
(95025, 'EL RETORNO', 95, NULL, NULL, 0),
(95200, 'MIRAFLORES', 95, 1.3367, -71.9511, 0),
(97001, 'MITÚ', 97, NULL, NULL, 0),
(97161, 'CARURU', 97, NULL, NULL, 0),
(97511, 'PACOA', 97, NULL, NULL, 0),
(97666, 'TARAIRA', 97, NULL, NULL, 0),
(97777, 'PAPUNAUA', 97, NULL, NULL, 0),
(97889, 'YAVARATÉ', 97, NULL, NULL, 0),
(99001, 'PUERTO CARREÑO', 99, NULL, NULL, 0),
(99524, 'LA PRIMAVERA', 99, NULL, NULL, 0),
(99624, 'SANTA ROSALÍA', 99, NULL, NULL, 0),
(99773, 'CUMARIBO', 99, NULL, NULL, 0);

-- --------------------------------------------------------

--
-- Estructura de tabla para la tabla `tblcolegioprocedencia`
--

CREATE TABLE IF NOT EXISTS `tblcolegioprocedencia` (
  `seccolegioprocedencia` int(11) NOT NULL AUTO_INCREMENT,
  `secinstituciones` int(11) NOT NULL,
  `descripcion` varchar(45) NOT NULL,
  PRIMARY KEY (`seccolegioprocedencia`),
  KEY `fk_instituciones123` (`secinstituciones`)
) ENGINE=InnoDB DEFAULT CHARSET=latin1 AUTO_INCREMENT=1 ;

-- --------------------------------------------------------

--
-- Estructura de tabla para la tabla `tblcurso`
--

CREATE TABLE IF NOT EXISTS `tblcurso` (
  `seccurso` int(11) NOT NULL AUTO_INCREMENT,
  `descripcion` varchar(45) NOT NULL,
  PRIMARY KEY (`seccurso`)
) ENGINE=InnoDB DEFAULT CHARSET=latin1 AUTO_INCREMENT=1 ;

-- --------------------------------------------------------

--
-- Estructura de tabla para la tabla `tbldepartamento`
--

CREATE TABLE IF NOT EXISTS `tbldepartamento` (
  `idDepartamento` int(11) NOT NULL,
  `nombre_departamento` varchar(45) NOT NULL,
  `secpais` int(11) NOT NULL,
  `longitud` double DEFAULT NULL,
  `latitud` double DEFAULT NULL,
  PRIMARY KEY (`idDepartamento`),
  KEY `fk_idpais_idx` (`secpais`)
) ENGINE=InnoDB DEFAULT CHARSET=latin5;

--
-- Volcado de datos para la tabla `tbldepartamento`
--

INSERT INTO `tbldepartamento` (`idDepartamento`, `nombre_departamento`, `secpais`, `longitud`, `latitud`) VALUES
(1, 'prueba', 1, NULL, NULL),
(5, 'Antioquia', 51, -75.5636, 6.2518),
(8, 'Atlántico', 51, -74.5167, 4.9667),
(11, 'Bogotá D.C', 51, -74.0628, 4.6492),
(13, 'Bolívar', 51, -75.5144, 10.3997),
(15, 'Boyacá', 51, -73.3678, 5.5353),
(17, 'Caldas', 51, -75.5174, 5.0689),
(18, 'Caquetá', 51, -75.6062, 1.6144),
(19, 'Cauca', 51, -76.62139, 2.44417),
(20, 'Cesar', 51, -73.2532, 10.4631),
(23, 'Córdoba', 51, -75.8814, 8.748),
(25, 'Cundinamarca', 51, -74.67, 4.3765),
(27, 'Chocó', 51, -76.6611, 5.6947),
(41, 'Huila', 51, -75.2819, 2.9273),
(44, 'La Guajira', 51, NULL, NULL),
(47, 'Magdalena', 51, -74.199, 11.2408),
(50, 'Meta', 51, -73.6266, 4.142),
(52, 'Nariño', 51, -77.2811, 1.2136),
(54, 'Norte de Santander', 51, -72.5078, 7.8939),
(63, 'Quindio', 51, -75.6811, 4.5339),
(66, 'Risaralda', 51, -75.6961, 4.8133),
(68, 'Santander', 51, -73.1198, 7.1254),
(70, 'Sucre', 51, -75.3978, 9.3047),
(73, 'Tolima', 51, -75.2322, 4.4389),
(76, 'Valle del Cauca', 51, -76.5225, 3.4372),
(81, 'Arauca', 51, -70.7554, 7.0845),
(85, 'Casanare', 51, -72.3959, 5.3378),
(86, 'Putumayo', 51, -76.6466, 1.1493),
(88, 'Archipiélago de San Andrés, Providencia y San', 51, -81.7006, 12.5847),
(91, 'Amazonas', 51, -74.7167, 4.3833),
(94, 'Guainía', 51, -67.9239, 3.8653),
(95, 'Guaviare', 51, -72.6459, 2.5729),
(97, 'Vaupés', 51, NULL, NULL),
(99, 'Vichada', 51, NULL, NULL);

-- --------------------------------------------------------

--
-- Estructura de tabla para la tabla `tbldocumento`
--

CREATE TABLE IF NOT EXISTS `tbldocumento` (
  `secdocumento` int(11) NOT NULL AUTO_INCREMENT,
  `sectipodedocumento` int(11) NOT NULL,
  `identificacion` varchar(45) NOT NULL,
  PRIMARY KEY (`secdocumento`),
  UNIQUE KEY `identificacion_UNIQUE` (`identificacion`),
  KEY `fk_tipo_documento` (`sectipodedocumento`)
) ENGINE=InnoDB DEFAULT CHARSET=latin1 AUTO_INCREMENT=1 ;

-- --------------------------------------------------------

--
-- Estructura de tabla para la tabla `tblestrato`
--

CREATE TABLE IF NOT EXISTS `tblestrato` (
  `secestrato` int(11) NOT NULL AUTO_INCREMENT,
  `descripcion` varchar(45) NOT NULL,
  PRIMARY KEY (`secestrato`)
) ENGINE=InnoDB DEFAULT CHARSET=latin1 AUTO_INCREMENT=1 ;

-- --------------------------------------------------------

--
-- Estructura de tabla para la tabla `tblgrado`
--

CREATE TABLE IF NOT EXISTS `tblgrado` (
  `secgrado` int(11) NOT NULL AUTO_INCREMENT,
  `descripcion` varchar(45) NOT NULL,
  PRIMARY KEY (`secgrado`)
) ENGINE=InnoDB DEFAULT CHARSET=latin1 AUTO_INCREMENT=1 ;

-- --------------------------------------------------------

--
-- Estructura de tabla para la tabla `tblinstitucion`
--

CREATE TABLE IF NOT EXISTS `tblinstitucion` (
  `secinstitucion` int(11) NOT NULL AUTO_INCREMENT,
  `nombre` varchar(45) NOT NULL,
  `nit` varchar(45) NOT NULL,
  `direccion` varchar(45) NOT NULL,
  `telefono` varchar(45) NOT NULL,
  `email` varchar(45) DEFAULT NULL,
  PRIMARY KEY (`secinstitucion`)
) ENGINE=InnoDB DEFAULT CHARSET=latin1 AUTO_INCREMENT=1 ;

-- --------------------------------------------------------

--
-- Estructura de tabla para la tabla `tblmateria`
--

CREATE TABLE IF NOT EXISTS `tblmateria` (
  `secmateria` int(11) NOT NULL AUTO_INCREMENT,
  `descripcion` varchar(45) NOT NULL,
  PRIMARY KEY (`secmateria`)
) ENGINE=InnoDB DEFAULT CHARSET=latin1 AUTO_INCREMENT=1 ;

-- --------------------------------------------------------

--
-- Estructura de tabla para la tabla `tblpais`
--

CREATE TABLE IF NOT EXISTS `tblpais` (
  `idPais` int(11) NOT NULL AUTO_INCREMENT,
  `nombre_pais` varchar(45) NOT NULL,
  PRIMARY KEY (`idPais`)
) ENGINE=InnoDB  DEFAULT CHARSET=latin5 AUTO_INCREMENT=258 ;

--
-- Volcado de datos para la tabla `tblpais`
--

INSERT INTO `tblpais` (`idPais`, `nombre_pais`) VALUES
(1, 'Afganistán'),
(2, 'Afganistán'),
(3, 'Akrotiri'),
(4, 'Albania'),
(5, 'Alemania'),
(6, 'Andorra'),
(7, 'Angola'),
(8, 'Anguila'),
(9, 'Antártida'),
(10, 'Antigua y Barbuda'),
(11, 'Antillas Neerlandesas'),
(12, 'Arabia Saudí'),
(13, 'Arctic Ocean'),
(14, 'Argelia'),
(15, 'Argentina'),
(16, 'Armenia'),
(17, 'Aruba'),
(18, 'Ashmore and Cartier Islands'),
(19, 'Atlantic Ocean'),
(20, 'Australia'),
(21, 'Austria'),
(22, 'Azerbaiyán'),
(23, 'Bahamas'),
(24, 'Bahráin'),
(25, 'Bangladesh'),
(26, 'Barbados'),
(27, 'Bélgica'),
(28, 'Belice'),
(29, 'Benín'),
(30, 'Bermudas'),
(31, 'Bielorrusia'),
(32, 'Birmania; Myanmar'),
(33, 'Bolivia'),
(34, 'Bosnia y Hercegovina'),
(35, 'Botsuana'),
(36, 'Brasil'),
(37, 'Brunéi'),
(38, 'Bulgaria'),
(39, 'Burkina Faso'),
(40, 'Burundi'),
(41, 'Bután'),
(42, 'Cabo Verde'),
(43, 'Camboya'),
(44, 'Camerún'),
(45, 'Canadá'),
(46, 'Chad'),
(47, 'Chile'),
(48, 'China'),
(49, 'Chipre'),
(50, 'Clipperton Island'),
(51, 'Colombia'),
(52, 'Comoras'),
(53, 'Congo'),
(54, 'Coral Sea Islands'),
(55, 'Corea del Norte'),
(56, 'Corea del Sur'),
(57, 'Costa de Marfil'),
(58, 'Costa Rica'),
(59, 'Croacia'),
(60, 'Cuba'),
(61, 'Dhekelia'),
(62, 'Dinamarca'),
(63, 'Dominica'),
(64, 'Ecuador'),
(65, 'Egipto'),
(66, 'El Salvador'),
(67, 'El Vaticano'),
(68, 'Emiratos Árabes Unidos'),
(69, 'Eritrea'),
(70, 'Eslovaquia'),
(71, 'Eslovenia'),
(72, 'España'),
(73, 'Estados Unidos'),
(74, 'Estonia'),
(75, 'Etiopía'),
(76, 'Filipinas'),
(77, 'Finlandia'),
(78, 'Fiyi'),
(79, 'Francia'),
(80, 'Gabón'),
(81, 'Gambia'),
(82, 'Gaza Strip'),
(83, 'Georgia'),
(84, 'Ghana'),
(85, 'Gibraltar'),
(86, 'Granada'),
(87, 'Grecia'),
(88, 'Groenlandia'),
(89, 'Guam'),
(90, 'Guatemala'),
(91, 'Guernsey'),
(92, 'Guinea'),
(93, 'Guinea Ecuatorial'),
(94, 'Guinea-Bissau'),
(95, 'Guyana'),
(96, 'Haití'),
(97, 'Honduras'),
(98, 'Hong Kong'),
(99, 'Hungría'),
(100, 'India'),
(101, 'Indian Ocean'),
(102, 'Indonesia'),
(103, 'Irán'),
(104, 'Iraq'),
(105, 'Irlanda'),
(106, 'Isla Bouvet'),
(107, 'Isla Christmas'),
(108, 'Isla Norfolk'),
(109, 'Islandia'),
(110, 'Islas Caimán'),
(111, 'Islas Cocos'),
(112, 'Islas Cook'),
(113, 'Islas Feroe'),
(114, 'Islas Georgia del Sur y Sandwich del Sur'),
(115, 'Islas Heard y McDonald'),
(116, 'Islas Malvinas'),
(117, 'Islas Marianas del Norte'),
(118, 'Islas Marshall'),
(119, 'Islas Pitcairn'),
(120, 'Islas Salomón'),
(121, 'Islas Turcas y Caicos'),
(122, 'Islas Vírgenes Americanas'),
(123, 'Islas Vírgenes Británicas'),
(124, 'Israel'),
(125, 'Italia'),
(126, 'Jamaica'),
(127, 'Jan Mayen'),
(128, 'Japón'),
(129, 'Jersey'),
(130, 'Jordania'),
(131, 'Kazajistán'),
(132, 'Kenia'),
(133, 'Kirguizistán'),
(134, 'Kiribati'),
(135, 'Kuwait'),
(136, 'Laos'),
(137, 'Lesoto'),
(138, 'Letonia'),
(139, 'Líbano'),
(140, 'Liberia'),
(141, 'Libia'),
(142, 'Liechtenstein'),
(143, 'Lituania'),
(144, 'Luxemburgo'),
(145, 'Macao'),
(146, 'Macedonia'),
(147, 'Madagascar'),
(148, 'Malasia'),
(149, 'Malaui'),
(150, 'Maldivas'),
(151, 'Malí'),
(152, 'Malta'),
(153, 'Man, Isle of'),
(154, 'Marruecos'),
(155, 'Mauricio'),
(156, 'Mauritania'),
(157, 'Mayotte'),
(158, 'México'),
(159, 'Micronesia'),
(160, 'Moldavia'),
(161, 'Mónaco'),
(162, 'Mongolia'),
(163, 'Montenegro'),
(164, 'Montserrat'),
(165, 'Mozambique'),
(166, 'Mundo'),
(167, 'Namibia'),
(168, 'Nauru'),
(169, 'Navassa Island'),
(170, 'Nepal'),
(171, 'Nicaragua'),
(172, 'Níger'),
(173, 'Nigeria'),
(174, 'Niue'),
(175, 'Noruega'),
(176, 'Nueva Caledonia'),
(177, 'Nueva Zelanda'),
(178, 'Omán'),
(179, 'Pacific Ocean'),
(180, 'Países Bajos'),
(181, 'Pakistán'),
(182, 'Palaos'),
(183, 'Panamá'),
(184, 'Papúa-Nueva Guinea'),
(185, 'Paracel Islands'),
(186, 'Paraguay'),
(187, 'Perú'),
(188, 'Polinesia Francesa'),
(189, 'Polonia'),
(190, 'Portugal'),
(191, 'Puerto Rico'),
(192, 'Qatar'),
(193, 'Reino Unido'),
(194, 'República Centroafricana'),
(195, 'República Checa'),
(196, 'República Democrática del Congo'),
(197, 'República Dominicana'),
(198, 'Ruanda'),
(199, 'Rumania'),
(200, 'Rusia'),
(201, 'Sáhara Occidental'),
(202, 'Samoa'),
(203, 'Samoa Americana'),
(204, 'San Cristóbal y Nieves'),
(205, 'San Marino'),
(206, 'San Pedro y Miquelón'),
(207, 'San Vicente y las Granadinas'),
(208, 'Santa Helena'),
(209, 'Santa Lucía'),
(210, 'Santo Tomé y Príncipe'),
(211, 'Senegal'),
(212, 'Serbia'),
(213, 'Seychelles'),
(214, 'Sierra Leona'),
(215, 'Singapur'),
(216, 'Siria'),
(217, 'Somalia'),
(218, 'Southern Ocean'),
(219, 'Spratly Islands'),
(220, 'Sri Lanka'),
(221, 'Suazilandia'),
(222, 'Sudáfrica'),
(223, 'Sudán'),
(224, 'Suecia'),
(225, 'Suiza'),
(226, 'Surinam'),
(227, 'Svalbard y Jan Mayen'),
(228, 'Tailandia'),
(229, 'Taiwán'),
(230, 'Tanzania'),
(231, 'Tayikistán'),
(232, 'Territorio Británico del Océano Indico'),
(233, 'Territorios Australes Franceses'),
(234, 'Timor Oriental'),
(235, 'Togo'),
(236, 'Tokelau'),
(237, 'Tonga'),
(238, 'Trinidad y Tobago'),
(239, 'Túnez'),
(240, 'Turkmenistán'),
(241, 'Turquía'),
(242, 'Tuvalu'),
(243, 'Ucrania'),
(244, 'Uganda'),
(245, 'Unión Europea'),
(246, 'Uruguay'),
(247, 'Uzbekistán'),
(248, 'Vanuatu'),
(249, 'Venezuela'),
(250, 'Vietnam'),
(251, 'Wake Island'),
(252, 'Wallis y Futuna'),
(253, 'West Bank'),
(254, 'Yemen'),
(255, 'Yibuti'),
(256, 'Zambia'),
(257, 'Zimbabue');

-- --------------------------------------------------------

--
-- Estructura de tabla para la tabla `tblpersona`
--

CREATE TABLE IF NOT EXISTS `tblpersona` (
  `secpersona` int(11) NOT NULL AUTO_INCREMENT,
  `pnombre` varchar(45) NOT NULL,
  `snombre` varchar(45) DEFAULT NULL,
  `papellido` varchar(45) NOT NULL,
  `sapellido` varchar(45) DEFAULT NULL,
  `direccion` varchar(45) NOT NULL,
  `movil` varchar(45) NOT NULL,
  `telefonofijo` varchar(45) DEFAULT NULL,
  `edad` int(11) NOT NULL,
  `fnacimiento` date NOT NULL,
  `email` varchar(45) DEFAULT NULL,
  `sectipopersona` int(11) NOT NULL,
  `secdocumento` int(11) NOT NULL,
  `sectiposangre` int(11) NOT NULL,
  `secestrato` int(11) NOT NULL,
  `seccolegioprocedencia` int(11) DEFAULT NULL,
  `seczona` int(11) DEFAULT NULL,
  `secciudad` int(11) DEFAULT NULL,
  PRIMARY KEY (`secpersona`),
  KEY `fk_tipo_persona` (`sectipopersona`),
  KEY `fk_documento` (`secdocumento`),
  KEY `fk_tipo_sangre` (`sectiposangre`),
  KEY `fk_estrato` (`secestrato`),
  KEY `fk_colegioprocedencia` (`seccolegioprocedencia`),
  KEY `fk_zona` (`seczona`),
  KEY `fk_ciudad` (`secciudad`),
  KEY `fk_ciudadespersona` (`secciudad`)
) ENGINE=InnoDB DEFAULT CHARSET=latin1 AUTO_INCREMENT=1 ;

-- --------------------------------------------------------

--
-- Estructura de tabla para la tabla `tblpersonacarrera`
--

CREATE TABLE IF NOT EXISTS `tblpersonacarrera` (
  `secpersonacarrera` int(11) NOT NULL AUTO_INCREMENT,
  `secpersona` int(11) NOT NULL,
  `seccarrera` int(11) DEFAULT NULL,
  PRIMARY KEY (`secpersonacarrera`),
  KEY `fk_persona` (`secpersona`),
  KEY `fk_carreraagregado` (`seccarrera`)
) ENGINE=InnoDB DEFAULT CHARSET=latin1 AUTO_INCREMENT=1 ;

-- --------------------------------------------------------

--
-- Estructura de tabla para la tabla `tblrol`
--

CREATE TABLE IF NOT EXISTS `tblrol` (
  `secrol` int(11) NOT NULL AUTO_INCREMENT,
  `descripcion` varchar(45) NOT NULL,
  PRIMARY KEY (`secrol`)
) ENGINE=InnoDB DEFAULT CHARSET=latin1 AUTO_INCREMENT=1 ;

-- --------------------------------------------------------

--
-- Estructura de tabla para la tabla `tblsexo`
--

CREATE TABLE IF NOT EXISTS `tblsexo` (
  `secsexo` int(11) NOT NULL AUTO_INCREMENT,
  `descripcion` varchar(45) NOT NULL,
  PRIMARY KEY (`secsexo`)
) ENGINE=InnoDB DEFAULT CHARSET=latin1 AUTO_INCREMENT=1 ;

-- --------------------------------------------------------

--
-- Estructura de tabla para la tabla `tbltipodesangre`
--

CREATE TABLE IF NOT EXISTS `tbltipodesangre` (
  `sectipodesangre` int(11) NOT NULL AUTO_INCREMENT,
  `descripcion` varchar(45) NOT NULL,
  PRIMARY KEY (`sectipodesangre`)
) ENGINE=InnoDB DEFAULT CHARSET=latin1 AUTO_INCREMENT=1 ;

-- --------------------------------------------------------

--
-- Estructura de tabla para la tabla `tbltipodocumento`
--

CREATE TABLE IF NOT EXISTS `tbltipodocumento` (
  `sectipodocumento` int(11) NOT NULL AUTO_INCREMENT,
  `descripcion` varchar(45) NOT NULL,
  PRIMARY KEY (`sectipodocumento`)
) ENGINE=InnoDB DEFAULT CHARSET=latin1 AUTO_INCREMENT=1 ;

-- --------------------------------------------------------

--
-- Estructura de tabla para la tabla `tbltipoestudio`
--

CREATE TABLE IF NOT EXISTS `tbltipoestudio` (
  `sectipoestudio` int(11) NOT NULL AUTO_INCREMENT,
  `descripcion` varchar(45) NOT NULL,
  PRIMARY KEY (`sectipoestudio`)
) ENGINE=InnoDB DEFAULT CHARSET=latin1 AUTO_INCREMENT=1 ;

-- --------------------------------------------------------

--
-- Estructura de tabla para la tabla `tbltipopersona`
--

CREATE TABLE IF NOT EXISTS `tbltipopersona` (
  `sectipopersona` int(11) NOT NULL AUTO_INCREMENT,
  `descripcion` varchar(45) NOT NULL,
  PRIMARY KEY (`sectipopersona`)
) ENGINE=InnoDB DEFAULT CHARSET=latin1 AUTO_INCREMENT=1 ;

-- --------------------------------------------------------

--
-- Estructura de tabla para la tabla `tbluniversidad`
--

CREATE TABLE IF NOT EXISTS `tbluniversidad` (
  `secuniversidad` int(11) NOT NULL AUTO_INCREMENT,
  `descripcion` varchar(45) NOT NULL,
  `telefono` varchar(45) NOT NULL,
  `movil` varchar(45) DEFAULT NULL,
  `direccion` varchar(45) NOT NULL,
  `nit` varchar(45) NOT NULL,
  `sitioweb` varchar(45) DEFAULT NULL,
  `secciudad` int(11) NOT NULL,
  PRIMARY KEY (`secuniversidad`),
  KEY `fk_ciudaduni` (`secciudad`)
) ENGINE=InnoDB DEFAULT CHARSET=latin1 AUTO_INCREMENT=1 ;

-- --------------------------------------------------------

--
-- Estructura de tabla para la tabla `tblusuario`
--

CREATE TABLE IF NOT EXISTS `tblusuario` (
  `secusuario` int(11) NOT NULL AUTO_INCREMENT,
  `secpersona` int(11) NOT NULL,
  `secrol` int(11) NOT NULL,
  `login` varchar(45) NOT NULL,
  `password` varchar(45) NOT NULL,
  `sesion` int(11) DEFAULT NULL,
  PRIMARY KEY (`secusuario`),
  UNIQUE KEY `login_UNIQUE` (`login`),
  UNIQUE KEY `password_UNIQUE` (`password`),
  KEY `fk_person` (`secpersona`),
  KEY `fk_rol` (`secrol`)
) ENGINE=InnoDB DEFAULT CHARSET=latin1 AUTO_INCREMENT=1 ;

-- --------------------------------------------------------

--
-- Estructura de tabla para la tabla `tblzona`
--

CREATE TABLE IF NOT EXISTS `tblzona` (
  `seczona` int(11) NOT NULL AUTO_INCREMENT,
  `descripcion` varchar(45) NOT NULL,
  PRIMARY KEY (`seczona`)
) ENGINE=InnoDB DEFAULT CHARSET=latin1 AUTO_INCREMENT=1 ;

--
-- Restricciones para tablas volcadas
--

--
-- Filtros para la tabla `tblacudientes`
--
ALTER TABLE `tblacudientes`
  ADD CONSTRAINT `fk_estudiante_acudiente` FOREIGN KEY (`secestudiante`) REFERENCES `tblpersona` (`secpersona`) ON DELETE NO ACTION ON UPDATE NO ACTION;

--
-- Filtros para la tabla `tblbarrio`
--
ALTER TABLE `tblbarrio`
  ADD CONSTRAINT `fk_ciudadbarrio` FOREIGN KEY (`secciudad`) REFERENCES `tblciudad` (`idCiudad`) ON DELETE NO ACTION ON UPDATE NO ACTION;

--
-- Filtros para la tabla `tblcargodocente`
--
ALTER TABLE `tblcargodocente`
  ADD CONSTRAINT `fk_persona1` FOREIGN KEY (`secpersona`) REFERENCES `tblpersona` (`secpersona`) ON DELETE NO ACTION ON UPDATE NO ACTION,
  ADD CONSTRAINT `fk_cursodocente` FOREIGN KEY (`seccargo`) REFERENCES `tblcargo` (`seccargo`) ON DELETE NO ACTION ON UPDATE NO ACTION;

--
-- Filtros para la tabla `tblcarrera`
--
ALTER TABLE `tblcarrera`
  ADD CONSTRAINT `fk_universidadcarrerar` FOREIGN KEY (`secuniversidad`) REFERENCES `tbluniversidad` (`secuniversidad`) ON DELETE NO ACTION ON UPDATE NO ACTION,
  ADD CONSTRAINT `fk_tipoestudio` FOREIGN KEY (`sectipoestudio`) REFERENCES `tbltipoestudio` (`sectipoestudio`) ON DELETE NO ACTION ON UPDATE NO ACTION;

--
-- Filtros para la tabla `tblciudad`
--
ALTER TABLE `tblciudad`
  ADD CONSTRAINT `fk_departamentoss` FOREIGN KEY (`secdepartamento`) REFERENCES `tbldepartamento` (`idDepartamento`) ON DELETE NO ACTION ON UPDATE NO ACTION;

--
-- Filtros para la tabla `tblcolegioprocedencia`
--
ALTER TABLE `tblcolegioprocedencia`
  ADD CONSTRAINT `fk_instituciones123` FOREIGN KEY (`secinstituciones`) REFERENCES `tblinstitucion` (`secinstitucion`) ON DELETE NO ACTION ON UPDATE NO ACTION;

--
-- Filtros para la tabla `tbldepartamento`
--
ALTER TABLE `tbldepartamento`
  ADD CONSTRAINT `fk_idpais` FOREIGN KEY (`secpais`) REFERENCES `tblpais` (`idPais`) ON DELETE NO ACTION ON UPDATE NO ACTION;

--
-- Filtros para la tabla `tbldocumento`
--
ALTER TABLE `tbldocumento`
  ADD CONSTRAINT `fk_tipo_documento` FOREIGN KEY (`sectipodedocumento`) REFERENCES `tbltipodocumento` (`sectipodocumento`) ON DELETE NO ACTION ON UPDATE NO ACTION;

--
-- Filtros para la tabla `tblpersona`
--
ALTER TABLE `tblpersona`
  ADD CONSTRAINT `fk_ciudadespersona` FOREIGN KEY (`secciudad`) REFERENCES `tblciudad` (`idCiudad`) ON DELETE NO ACTION ON UPDATE NO ACTION,
  ADD CONSTRAINT `fk_colegioprocedencia` FOREIGN KEY (`seccolegioprocedencia`) REFERENCES `tblcolegioprocedencia` (`seccolegioprocedencia`) ON DELETE NO ACTION ON UPDATE NO ACTION,
  ADD CONSTRAINT `fk_documento` FOREIGN KEY (`secdocumento`) REFERENCES `tbldocumento` (`secdocumento`) ON DELETE NO ACTION ON UPDATE NO ACTION,
  ADD CONSTRAINT `fk_estrato` FOREIGN KEY (`secestrato`) REFERENCES `tblestrato` (`secestrato`) ON DELETE NO ACTION ON UPDATE NO ACTION,
  ADD CONSTRAINT `fk_tipo_persona` FOREIGN KEY (`sectipopersona`) REFERENCES `tbltipopersona` (`sectipopersona`) ON DELETE NO ACTION ON UPDATE NO ACTION,
  ADD CONSTRAINT `fk_tipo_sangre` FOREIGN KEY (`sectiposangre`) REFERENCES `tbltipodesangre` (`sectipodesangre`) ON DELETE NO ACTION ON UPDATE NO ACTION,
  ADD CONSTRAINT `fk_zona` FOREIGN KEY (`seczona`) REFERENCES `tblzona` (`seczona`) ON DELETE NO ACTION ON UPDATE NO ACTION;

--
-- Filtros para la tabla `tblpersonacarrera`
--
ALTER TABLE `tblpersonacarrera`
  ADD CONSTRAINT `fk_carreraagregado` FOREIGN KEY (`seccarrera`) REFERENCES `tblcarrera` (`seccarrera`) ON DELETE NO ACTION ON UPDATE NO ACTION,
  ADD CONSTRAINT `fk_persona` FOREIGN KEY (`secpersona`) REFERENCES `tblpersona` (`secpersona`) ON DELETE NO ACTION ON UPDATE NO ACTION;

--
-- Filtros para la tabla `tbluniversidad`
--
ALTER TABLE `tbluniversidad`
  ADD CONSTRAINT `fk_ciudaduni` FOREIGN KEY (`secciudad`) REFERENCES `tblciudad` (`idCiudad`) ON DELETE NO ACTION ON UPDATE NO ACTION;

--
-- Filtros para la tabla `tblusuario`
--
ALTER TABLE `tblusuario`
  ADD CONSTRAINT `fk_rol` FOREIGN KEY (`secrol`) REFERENCES `tblrol` (`secrol`) ON DELETE NO ACTION ON UPDATE NO ACTION,
  ADD CONSTRAINT `fk_person` FOREIGN KEY (`secpersona`) REFERENCES `tblpersona` (`secpersona`) ON DELETE NO ACTION ON UPDATE NO ACTION;

/*!40101 SET CHARACTER_SET_CLIENT=@OLD_CHARACTER_SET_CLIENT */;
/*!40101 SET CHARACTER_SET_RESULTS=@OLD_CHARACTER_SET_RESULTS */;
/*!40101 SET COLLATION_CONNECTION=@OLD_COLLATION_CONNECTION */;